Year,Rank,Country name,Ladder score,upperwhisker,lowerwhisker,Explained by: Log GDP per capita,Explained by: Social support,Explained by: Healthy life expectancy,Explained by: Freedom to make life choices,Dystopia + residual,Explained by: Generosity,Explained by: Perceptions of corruption
2018,154.0,Afghanistan,3.203,,,0.7357700000000003,0.8587600000000003,0.11155000000000015,0.3662599999999998,,,
2017,145.0,Afghanistan,3.632,,,0.39393632437229154,0.4767064014625547,0.2687760886561874,0.46124205189228035,,,
2016,141.0,Afghanistan,3.794,,,0.8234999999999993,0.7863030108547221,0.4008585134029394,0.7749659623622897,,,
2015,154.0,Afghanistan,3.36,,,0.8778493473768231,0.8801538201475135,0.2368949611616133,0.5203330204796791,,,
2014,153.0,Afghanistan,3.575,,,0.7165604190286006,0.512207610263824,0.3614920072333018,0.4243679182163876,,,
2012,143.0,Afghanistan,4.04,,,0.7551599999999997,0.6539999999999994,0.18321999999999988,0.5177199999999992,,,
2011,131.0,Afghanistan,4.258,,,0.6581899999999996,0.5788800000000003,0.26505000000000023,0.3059299999999998,,,
2018,107.0,Albania,4.719,,,0.8808379426956183,0.5947311456632621,0.42795919752836215,0.3108157843518254,,,
2017,112.0,Albania,4.586,,,0.9040509477758414,0.839517106199264,0.5749288069629667,0.27133971797943146,,,
2016,109.0,Albania,4.644,,,0.8934535839557652,0.7674423719787592,0.3771224945259094,0.6073271016645435,,,
2015,109.0,Albania,4.655,,,0.9913816558408748,0.6158700743627553,0.35176819131374387,0.5140008052444464,,,
2014,95.0,Albania,4.959,,,1.1783503093719487,0.8000546383857725,0.3155062095260624,0.40786512230873156,,,
2012,62.0,Albania,5.55,,,1.4051493055152875,1.1917088245773315,0.6648175111341474,0.4692187586021425,,,
2011,88.0,Albania,5.134,,,0.6553083837366118,0.7444228719902042,0.4694562039279935,0.3777748949074746,,,
2018,88.0,Algeria,5.211,,,0.37143053320010516,1.2160642780558286,0.27873023392200474,0.47315426044702524,,,
2017,84.0,Algeria,5.295,,,1.1414220712184908,0.9738500891876234,0.5140637035560609,0.8060961427974688,,,
2016,53.0,Algeria,5.872,,,1.2783932578296664,1.2370646321404775,0.9784273074245449,0.35448676257117595,,,
2015,38.0,Algeria,6.355,,,1.4329100000000004,1.477339999999999,0.6379900000000006,0.8836800000000001,,,
2014,68.0,Algeria,5.605,,,0.3015367029380798,1.2679874153518667,0.5588538469123838,0.49396001661300687,,,
2012,73.0,Algeria,5.422,,,1.5127391666666656,1.192131249999999,0.5458366666666671,0.5195624999999995,,,
2011,71.0,Algeria,5.368,,,1.4710499999999982,1.2321966666666668,0.575533333333334,0.555236666666666,,,
2017,142.0,Angola,3.795,,,0.8234999999999993,0.7863030108547221,0.4008585134029394,0.7749659623622897,,,
2016,140.0,Angola,3.795,,,0.8234999999999993,0.7863030108547221,0.4008585134029394,0.7749659623622897,,,
2015,141.0,Angola,3.866,,,0.8596700000000008,0.6731300000000001,0.44775000000000065,0.5883900000000007,,,
2014,137.0,Angola,4.033,,,0.9886500000000011,0.675,0.22565999999999986,0.5935800000000002,,,
2012,61.0,Angola,5.589,,,1.3917399999999998,0.9497499999999992,0.6805799999999992,0.5883299999999994,,,
2011,135.0,Angola,4.178,,,1.2450166524887074,0.9663766304111471,0.39541003113269846,0.48364013717532117,,,
2018,47.0,Argentina,6.086,,,1.5550432647132875,1.1590911981391918,0.6603804395627974,0.49817560078144024,,,
2017,29.0,Argentina,6.388,,,1.4320664801025378,1.3451790500164038,0.865061993355749,0.44140110876321775,,,
2016,24.0,Argentina,6.599,,,1.665369999999999,1.4218500000000018,0.7118799999999994,0.8348500000000011,,,
2015,26.0,Argentina,6.65,,,1.735724166666666,1.334281666666667,0.5818218333333328,0.6992173333333334,,,
2014,30.0,Argentina,6.574,,,1.9238699999999977,1.0561400000000005,0.5938300000000007,0.7015899999999992,,,
2012,29.0,Argentina,6.562,,,1.4893266666666678,1.0952999999999997,0.600313333333333,0.7173200000000002,,,
2011,39.0,Argentina,6.242,,,1.6280380306351971,1.3497538438339234,0.5984398552405038,0.6080331324979461,,,
2018,116.0,Armenia,4.559,,,0.37584332053303726,0.9941376875686649,0.4514823150348663,0.3998335633897782,,,
2017,129.0,Armenia,4.321,,,0.9463048124670971,1.0621851944303515,0.4751325578153133,0.5610938278007511,,,
2016,121.0,Armenia,4.376,,,0.8324575250911721,0.4281744209384919,0.30440250770807237,0.4728543311500551,,,
2015,121.0,Armenia,4.36,,,1.1113100000000014,0.6881699999999998,0.4897899999999993,0.536700000000001,,,
2014,127.0,Armenia,4.35,,,0.6690366666666663,0.8854033333333331,0.18904999999999986,0.7706066666666661,,,
2012,128.0,Armenia,4.316,,,0.5855974003744122,0.8007471881008147,0.35716380574941636,0.5178692231655123,,,
2011,122.0,Armenia,4.474,,,0.7236600000000004,0.796610000000001,0.24754000000000043,0.42616000000000026,,,
2018,11.0,Australia,7.228,,,1.9393695865344989,1.3939117211627952,0.6890882834053051,0.6890975591230394,,,
2017,10.0,Australia,7.272,,,1.4975457107543946,1.4315888985061633,0.7266186705589294,0.845107377567291,,,
2016,9.0,Australia,7.284,,,1.405909062538149,1.252634247570036,0.7903736448955524,0.7216032159900666,,,
2015,9.0,Australia,7.313,,,1.9493300000000011,1.512359999999999,0.6156399999999994,0.7567100000000001,,,
2014,10.0,Australia,7.284,,,1.405909062538149,1.252634247570036,0.7903736448955524,0.7216032159900666,,,
2012,10.0,Australia,7.35,,,1.5149411359786964,1.501928621215821,0.9206222765350341,0.7402186208152766,,,
2011,9.0,Australia,7.345,,,1.7892194090652436,1.6020839080810552,0.8263888184356688,0.8609719080543509,,,
2018,10.0,Austria,7.246,,,1.8412690075397478,1.4643810797119123,0.7299384175968169,0.6657603057050698,,,
2017,12.0,Austria,7.139,,,1.454396693436307,1.3735195590051008,0.8409591198253614,0.5341213791243234,,,
2016,13.0,Austria,7.006,,,1.8260999999999987,1.2940600000000015,0.7324000000000008,0.6984399999999998,,,
2015,12.0,Austria,7.119,,,1.4607754852701829,1.4107978554890954,0.8618437883834837,0.7347616028086343,,,
2014,13.0,Austria,7.2,,,1.709436119918825,1.233388545818328,0.7876657878685002,0.6677380006170271,,,
2012,8.0,Austria,7.369,,,1.8985147045326256,1.2208969540405286,0.793979409217835,0.6932259540271762,,,
2011,13.0,Austria,7.227,,,1.9401569758129107,1.3976696140098566,0.6890977998828896,0.6871039750862122,,,
2018,90.0,Azerbaijan,5.208,,,0.37690053320010514,1.2163042780558286,0.28286023392200477,0.47303426044702523,,,
2017,87.0,Azerbaijan,5.201,,,1.4228600007149819,0.813594504096985,0.6804938680735998,0.5057368601711817,,,
2016,85.0,Azerbaijan,5.234,,,0.7762996543264387,0.6927803801441194,0.24427791628837578,0.43621786643981947,,,
2015,81.0,Azerbaijan,5.291,,,0.9468590939776098,1.0211738684590654,0.5835755546696982,0.5943268567848203,,,
2014,80.0,Azerbaijan,5.212,,,0.37143053320010516,1.2160642780558286,0.27873023392200474,0.47315426044702524,,,
2012,116.0,Azerbaijan,4.604,,,0.8572100000000005,0.7886000000000002,0.3645599999999996,0.42258000000000046,,,
2011,116.0,Azerbaijan,4.582,,,0.6944022311019898,0.8948072426223753,0.5253475352692603,0.40395268022060404,,,
2018,37.0,Bahrain,6.199,,,1.2087849064350145,1.4565228355026258,0.575417998957635,0.8498351790952676,,,
2017,43.0,Bahrain,6.105,,,1.6661343397738144,0.9476575965042116,0.6552150453192387,0.6183338950430549,,,
2016,41.0,Bahrain,6.087,,,1.5188297412109373,1.1786678767776504,0.6740576981639862,0.4983042701816555,,,
2015,42.0,Bahrain,6.218,,,1.3500777526245133,1.3900530172080985,0.7664068281764984,0.4687665532770158,,,
2014,49.0,Bahrain,5.96,,,1.178857635850907,1.222766641044615,0.46489989982128127,0.8708014807653421,,,
2012,79.0,Bahrain,5.312,,,1.2771400000000006,1.1782999999999975,0.5506599999999999,0.6465200000000002,,,
2011,61.0,Bahrain,5.568,,,1.3999400000000002,1.1974499999999992,0.4814600000000002,0.7046900000000005,,,
2018,125.0,Bangladesh,4.456,,,1.2240000000000004,1.0150399999999997,0.3733799999999996,0.4727400000000002,,,
2017,115.0,Bangladesh,4.5,,,0.8384600000000008,0.7477699999999998,0.2526900000000003,0.44878999999999974,,,
2016,110.0,Bangladesh,4.608,,,0.7361500000000004,0.5566300000000003,0.38405000000000017,0.4093299999999999,,,
2015,110.0,Bangladesh,4.643,,,0.8934535839557652,0.7674423719787592,0.3771224945259094,0.6073271016645435,,,
2014,109.0,Bangladesh,4.694,,,1.1630573588466657,1.2773551960134486,0.5559336824703223,0.5896947373795509,,,
2012,108.0,Bangladesh,4.804,,,0.9619137141847608,0.5942703790283194,0.42518807005643816,0.5998054422259328,,,
2011,104.0,Bangladesh,4.807,,,0.9001581466197967,0.9956560921955112,0.4084661267852782,0.4981098066043852,,,
2018,81.0,Belarus,5.323,,,1.447332,1.248965833333334,0.5033624999999996,0.331162333333333,,,
2017,73.0,Belarus,5.483,,,1.2128885213877352,1.018882102129619,0.6251667906201676,0.6013518025137587,,,
2016,67.0,Belarus,5.569,,,1.465500000000001,1.2187433333333335,0.43551833333333323,0.6493649999999996,,,
2015,61.0,Belarus,5.802,,,1.0025389342212674,1.1624441203536984,0.749278480588913,0.5066489401664735,,,
2014,59.0,Belarus,5.813,,,1.2175874999999992,1.0832214999999992,0.5744220000000007,0.5103290000000004,,,
2012,66.0,Belarus,5.504,,,1.227050822792053,1.3531994710826862,0.8436828031110758,0.46153467649459856,,,
2011,62.0,Belarus,5.566,,,1.3999400000000002,1.1974499999999992,0.4814600000000002,0.7046900000000005,,,
2018,18.0,Belgium,6.923,,,1.899986447086333,1.3472757333946235,0.6895512889957444,0.6810248915290823,,,
2017,16.0,Belgium,6.927,,,1.8156092104148862,1.3714872023582467,0.7648070806598678,0.7145864946937551,,,
2016,17.0,Belgium,6.891,,,1.9306333333333345,1.4601966666666666,0.6012500000000007,0.6820366666666667,,,
2015,18.0,Belgium,6.929,,,1.8381592104148878,1.5199072023582467,0.8336870806598665,0.8084764946937558,,,
2014,19.0,Belgium,6.937,,,1.7865881576347364,1.515315138835908,0.844576521539688,0.797907654285431,,,
2012,21.0,Belgium,6.967,,,1.5878900000000014,1.279200000000001,0.6653800000000004,0.638249999999999,,,
2011,15.0,Belgium,7.113,,,1.4489254852701827,1.3957978554890955,0.8703937883834838,0.7340416028086345,,,
2017,49.0,Belize,5.956,,,1.378782216358184,1.2633114256191247,0.5577149689769743,0.8051270602965352,,,
2016,50.0,Belize,5.956,,,1.378782216358184,1.2633114256191247,0.5577149689769743,0.8051270602965352,,,
2015,52.0,Belize,5.956,,,1.378782216358184,1.2633114256191247,0.5577149689769743,0.8051270602965352,,,
2011,34.0,Belize,6.451,,,1.7224293333333336,1.4452753333333328,0.6184399999999992,0.7579540000000005,,,
2018,102.0,Benin,4.883,,,0.9448960107612614,0.9288818828582771,0.6620525554180144,0.5032017883110048,,,
2017,136.0,Benin,4.141,,,0.8390580777025224,0.7330133022594457,0.30067137534141564,0.3747737941622735,,,
2016,143.0,Benin,3.657,,,0.3901565226984027,0.8415768053627033,0.235235658406019,0.34908085693836244,,,
2015,153.0,Benin,3.484,,,0.764265035867393,0.902248788490293,0.4177337250995635,0.4902592889285088,,,
2014,155.0,Benin,3.34,,,0.6118594976043695,0.7814813668727874,0.3352534150409696,0.5079733231496811,,,
2012,155.0,Benin,3.528,,,0.37979283293684335,0.9894617413520814,0.3805210748926799,0.30747914143482835,,,
2011,155.0,Benin,3.493,,,0.7759338574064775,0.6094875103632602,0.20504971865574517,0.49066666027625394,,,
2018,95.0,Bhutan,5.082,,,1.0962179023218148,0.6934363225221647,0.34486947767496084,0.5256021241092675,,,
2017,97.0,Bhutan,5.082,,,1.0962179023218148,0.6934363225221647,0.34486947767496084,0.5256021241092675,,,
2016,97.0,Bhutan,5.011,,,0.8226098138554891,0.904662078113557,0.5688427581787109,0.285214070166747,,,
2015,84.0,Bhutan,5.196,,,0.9309056231212612,1.1830762744394938,0.7552249203189215,0.508769985481898,,,
2014,79.0,Bhutan,5.253,,,1.4811599999999998,1.1970440000000024,0.46542200000000056,0.4611320000000002,,,
2018,61.0,Bolivia,5.779,,,1.156204552555084,1.2302028473949442,0.7770740752744671,0.4419499040412906,,,
2017,62.0,Bolivia,5.752,,,0.7852962790298463,1.0924033215904245,0.589088485355377,0.6036994099712376,,,
2016,58.0,Bolivia,5.823,,,1.4950499999999989,1.2619700000000011,0.5273300000000004,0.6612899999999989,,,
2015,59.0,Bolivia,5.822,,,1.5249899999999996,1.1992699999999992,0.59161,0.46684999999999927,,,
2014,51.0,Bolivia,5.89,,,1.0527321182489393,1.251919056758883,0.7336787485265737,0.5598385336351395,,,
2012,50.0,Bolivia,5.857,,,1.3323200000000006,1.1575899999999997,0.6040300000000002,0.6480700000000001,,,
2011,57.0,Bolivia,5.633,,,1.4306191679620743,1.3159331219768526,0.45074299453258493,0.5446057148790354,,,
2018,78.0,Bosnia and Herzegovina,5.386,,,1.173307678089141,1.026231236476896,0.6806064110374455,0.6034184265804293,,,
2017,93.0,Bosnia and Herzegovina,5.129,,,0.9447417237854028,1.0008919565963752,0.657056059360504,0.3183013653469086,,,
2016,90.0,Bosnia and Herzegovina,5.182,,,1.1999199999999988,1.030599999999999,0.4212900000000005,0.7023800000000006,,,
2015,87.0,Bosnia and Herzegovina,5.163,,,0.8853393350458133,0.8114484663486478,0.48628333822250347,0.4012504186725617,,,
2014,96.0,Bosnia and Herzegovina,4.949,,,0.59965525932312,0.7774938525581356,0.3551755619430542,0.3683320792484283,,,
2012,107.0,Bosnia and Herzegovina,4.813,,,0.9318086110019681,1.1426768282699589,0.44230058187961574,0.44328430143356307,,,
2011,99.0,Bosnia and Herzegovina,4.857,,,0.9218563493823989,0.8867942603397369,0.3803890433406832,0.6589294034767157,,,
2018,148.0,Botswana,3.488,,,0.6958973089373114,0.6268235338735564,0.26491729135751724,0.4877802972888947,,,
2017,146.0,Botswana,3.59,,,0.2894818541812895,0.2578178790473935,0.3177413125896447,0.46689280220508655,,,
2016,142.0,Botswana,3.766,,,0.8579184149932874,0.692752836019992,0.2888948629355433,0.5117443232679362,,,
2015,137.0,Botswana,3.974,,,1.1837524153041854,0.9487593978309624,0.3792881586599347,0.48014110742569005,,,
2014,128.0,Botswana,4.332,,,0.9001016470336914,1.0493816577148423,0.6964484957885746,0.5118197756958006,,,
2012,145.0,Botswana,3.97,,,1.164180434434415,0.9472086451196664,0.3805858569848535,0.4898924917078022,,,
2011,117.0,Botswana,4.581,,,0.6944022311019898,0.8948072426223753,0.5253475352692603,0.40395268022060404,,,
2018,32.0,Brazil,6.3,,,1.6142702751922606,1.3912208312225351,0.6367411686325066,0.6339239471054073,,,
2017,28.0,Brazil,6.419,,,1.7210832853221893,1.5325795011329664,0.7162881813669201,0.6923047747087478,,,
2016,22.0,Brazil,6.635,,,1.764193333333335,1.2732733333333315,0.7445066666666665,0.752236666666667,,,
2015,17.0,Brazil,6.952,,,1.6850119999999993,1.4904723333333343,0.7410833333333329,0.7811854999999998,,,
2014,16.0,Brazil,6.983,,,1.6014700000000008,1.426460000000001,0.5957499999999996,0.7927799999999999,,,
2012,24.0,Brazil,6.849,,,1.8415737106704717,1.491557103500366,0.5337160459709158,0.6633522168254852,,,
2011,25.0,Brazil,6.697,,,1.5189400000000006,1.1457400000000013,0.7829700000000008,0.5748200000000007,,,
2018,97.0,Bulgaria,5.011,,,0.8226098138554891,0.904662078113557,0.5688427581787109,0.285214070166747,,,
2017,100.0,Bulgaria,4.933,,,0.6804800000000002,0.53527,0.33123999999999965,0.46453999999999956,,,
2016,105.0,Bulgaria,4.714,,,0.891548037176133,0.6006243587875374,0.4291467187190055,0.3136715891075131,,,
2015,129.0,Bulgaria,4.217,,,0.6329300000000003,0.5889699999999994,0.3198600000000002,0.37019000000000035,,,
2014,134.0,Bulgaria,4.218,,,0.6809299999999999,0.6184899999999997,0.31170000000000014,0.37151000000000023,,,
2012,144.0,Bulgaria,3.981,,,0.9967924153041849,0.9052993978309631,0.21815815865993485,0.5026911074256903,,,
2011,147.0,Bulgaria,3.889,,,1.2020246666666672,1.0519693333333349,0.5422133333333332,0.7021176666666661,,,
2018,115.0,Burkina Faso,4.587,,,0.9040509477758414,0.839517106199264,0.5749288069629667,0.27133971797943146,,,
2017,121.0,Burkina Faso,4.424,,,0.7265951223349566,0.9119545639896381,0.32350705459117873,0.5112151439070696,,,
2016,134.0,Burkina Faso,4.032,,,0.9886500000000011,0.675,0.22565999999999986,0.5935800000000002,,,
2015,145.0,Burkina Faso,3.739,,,0.6741940656757361,0.46252028128624006,0.3404620038270955,0.4353678509807585,,,
2014,152.0,Burkina Faso,3.587,,,0.5244118541812895,0.3594978790473936,0.307491312589645,0.42712280220508625,,,
2012,131.0,Burkina Faso,4.259,,,0.6331099999999995,0.5710800000000004,0.2574900000000001,0.3046699999999998,,,
2011,144.0,Burkina Faso,3.926,,,0.5077405000554719,0.860518150255521,0.25516525289734215,0.5309225549084344,,,
2018,145.0,Burundi,3.775,,,0.18595000000000003,0.27382806512832664,0.194261080417633,0.3252957741737362,,,
2017,156.0,Burundi,2.905,,,1.0860365948390955,0.5413457011604303,0.4866318066072465,0.14276185078859316,,,
2016,154.0,Burundi,2.905,,,1.0860365948390955,0.5413457011604303,0.4866318066072465,0.14276185078859316,,,
2015,157.0,Burundi,2.905,,,1.0860365948390955,0.5413457011604303,0.4866318066072465,0.14276185078859316,,,
2014,157.0,Burundi,2.906,,,1.171565808193683,0.5591194954061501,0.49458663231253647,0.17700264777600772,,,
2012,153.0,Burundi,3.706,,,0.7889787542343133,0.6346137083816533,0.3719193384361265,0.5423738013076789,,,
2011,152.0,Burundi,3.678,,,0.7127287747907631,0.7879588004875192,0.24195869621872884,0.5227573506307601,,,
2018,109.0,Cambodia,4.7,,,1.1907852481555954,1.1741715378570543,0.48083714539527944,0.5562015161657332,,,
2017,120.0,Cambodia,4.433,,,0.5770138387904556,1.0715185610074989,0.30569990394421426,0.43263701026082024,,,
2016,129.0,Cambodia,4.168,,,1.1041897697782506,0.9399221285533896,0.36675718683719666,0.40332047653913455,,,
2015,140.0,Cambodia,3.907,,,0.928165333333333,1.048410666666668,0.3226416666666669,0.7827948333333332,,,
2014,145.0,Cambodia,3.819,,,0.8800299999999995,0.5509500000000009,0.40375000000000005,0.6467800000000001,,,
2012,140.0,Cambodia,4.067,,,0.7270299999999997,0.6437599999999993,0.2778500000000005,0.5552000000000006,,,
2011,138.0,Cambodia,4.101,,,0.4475699999999997,0.4651799999999995,0.22835999999999979,0.3343600000000005,,,
2018,96.0,Cameroon,5.044,,,0.6290999999999998,0.255504,0.25337200000000026,0.47504133333333365,,,
2017,99.0,Cameroon,4.975,,,1.5210106181812273,1.1421909342002856,0.5822389190721511,0.3072390089893348,,,
2016,107.0,Cameroon,4.695,,,1.1630573588466657,1.2773551960134486,0.5559336824703223,0.5896947373795509,,,
2015,114.0,Cameroon,4.513,,,1.029756166666667,0.9039884999999981,0.45913900000000024,0.5659760000000005,,,
2014,133.0,Cameroon,4.252,,,0.6977199999999998,0.6063299999999999,0.2909200000000005,0.30743999999999994,,,
2012,122.0,Cameroon,4.42,,,1.059235122334956,0.9100645639896381,0.4690370545911792,0.28630514390707046,,,
2011,126.0,Cameroon,4.376,,,0.8324575250911721,0.4281744209384919,0.30440250770807237,0.4728543311500551,,,
2018,9.0,Canada,7.278,,,1.4460257107543961,1.2343088985061623,0.7690986705589282,0.7359073775672915,,,
2017,7.0,Canada,7.328,,,1.811610000000002,1.1915200000000006,0.7293500000000003,0.6747400000000008,,,
2016,7.0,Canada,7.316,,,1.945070000000001,1.4725199999999992,0.6105999999999994,0.7434500000000003,,,
2015,6.0,Canada,7.404,,,2.1001900000000013,1.2819400000000007,0.7009600000000001,0.6963700000000004,,,
2014,5.0,Canada,7.427,,,1.8332687319183318,1.2657256463623057,0.8197118223381051,0.6475415608215345,,,
2012,6.0,Canada,7.477,,,1.7047942708015433,1.501764884099959,0.7024393114757527,0.5988638994884498,,,
2011,5.0,Canada,7.499,,,1.3894905824947361,1.527382715320587,0.9907177811241145,0.6704739216756821,,,
2018,155.0,Central African Republic,3.083,,,0.627760000000001,0.5914799999999998,0.14905000000000015,0.38280000000000014,,,
2017,155.0,Central African Republic,3.083,,,0.627760000000001,0.5914799999999998,0.14905000000000015,0.38280000000000014,,,
2016,155.0,Central African Republic,2.693,,,1.0265325788688653,0.5245978532910339,0.446791294338703,0.12701966570973397,,,
2014,148.0,Central African Republic,3.678,,,0.7127287747907631,0.7879588004875192,0.24195869621872884,0.5227573506307601,,,
2012,154.0,Central African Republic,3.623,,,0.3836781621861457,0.449078200731277,0.2746880443280939,0.46348102594614005,,,
2011,154.0,Central African Republic,3.568,,,0.8256316111501064,0.4541576774597169,0.3995235002390545,0.30071080588022897,,,
2018,132.0,Chad,4.35,,,0.6690366666666663,0.8854033333333331,0.18904999999999986,0.7706066666666661,,,
2017,131.0,Chad,4.301,,,0.7720097988322575,0.9292399036445602,0.29704866658004103,0.4589331754921275,,,
2016,137.0,Chad,3.936,,,0.5066505000554719,0.863808150255521,0.2501952528973421,0.5265625549084345,,,
2015,144.0,Chad,3.763,,,0.8370084149932873,0.6796570833063116,0.29612273458480853,0.517130332677364,,,
2014,149.0,Chad,3.667,,,0.4483265226984026,0.8741268053627035,0.230255658406019,0.3592508569383624,,,
2012,141.0,Chad,4.056,,,0.9676899999999989,0.6497799999999992,0.3175300000000002,0.6579200000000002,,,
2011,145.0,Chad,3.919,,,0.775013931709448,0.9771247741149273,0.26794550763805736,0.7465103732258478,,,
2018,26.0,Chile,6.444,,,1.75455,1.3337299999999996,0.6539000000000006,0.576790000000001,,,
2017,25.0,Chile,6.476,,,1.7817,1.1583899999999994,0.7581600000000005,0.5461000000000003,,,
2016,20.0,Chile,6.652,,,1.735724166666666,1.334281666666667,0.5818218333333328,0.6992173333333334,,,
2015,24.0,Chile,6.705,,,1.4582400000000004,1.4567900000000003,0.6010599999999992,0.8786600000000006,,,
2014,27.0,Chile,6.67,,,1.6884772137959783,1.5596118420092255,0.7532180934683476,0.7556848603614175,,,
2012,28.0,Chile,6.587,,,2.0040800000000023,1.2922399999999996,0.5880499999999995,0.636689999999999,,,
2011,43.0,Chile,6.128,,,1.6496400000000002,1.0582399999999992,0.6166399999999991,0.5856250000000004,,,
2018,93.0,China,5.191,,,0.7969856477642048,1.0933410366630554,0.2308104630041121,0.6991529001998908,,,
2017,86.0,China,5.246,,,1.3467428324270265,0.9029518178319929,0.4724582753753669,0.5645836759638783,,,
2016,79.0,China,5.273,,,1.2703991666666676,1.2397523333333316,0.25479033333333334,0.4959369999999994,,,
2015,83.0,China,5.245,,,1.3467428324270265,0.9029518178319929,0.4724582753753669,0.5645836759638783,,,
2014,84.0,China,5.14,,,1.0756010074329385,0.6832557861709596,0.4080575877952571,0.6482321650934222,,,
2012,93.0,China,4.978,,,1.0209079272556298,1.1402120918083203,0.5207036530923838,0.44979626069068923,,,
2011,112.0,China,4.68,,,1.1630573588466657,1.2773551960134486,0.5559336824703223,0.5896947373795509,,,
2018,43.0,Colombia,6.125,,,1.6278381590657918,1.2815781349668651,0.5407033692337824,0.5323587097670996,,,
2017,37.0,Colombia,6.26,,,1.5122495884656895,1.3664506012725837,0.465011111388206,0.5708381097698213,,,
2016,36.0,Colombia,6.357,,,1.6524999999999996,1.4004799999999988,0.6474500000000009,0.71158,,,
2015,31.0,Colombia,6.481,,,1.9119600000000003,1.0739299999999987,0.8203500000000001,0.586709999999999,,,
2014,33.0,Colombia,6.477,,,1.7800999999999985,1.0794699999999997,0.7201400000000006,0.5793699999999994,,,
2012,35.0,Colombia,6.416,,,1.6899632853221886,1.550679501132966,0.7839081813669203,0.6959447747087475,,,
2011,41.0,Colombia,6.202,,,1.4452920760250094,1.6126363110733046,0.5398514278268819,0.8136365564966206,,,
2018,142.0,Comoros,3.973,,,1.1837524153041854,0.9487593978309624,0.3792881586599347,0.48014110742569005,,,
2015,138.0,Comoros,3.956,,,1.1644804344344153,0.9556586451196663,0.38332585698485344,0.5021424917078022,,,
2014,140.0,Comoros,3.956,,,1.1644804344344153,0.9556586451196663,0.38332585698485344,0.5021424917078022,,,
2012,149.0,Comoros,3.851,,,0.88827,0.3858400000000003,0.45428999999999997,0.7403900000000011,,,
2011,151.0,Comoros,3.7,,,0.7743487542343134,0.6544737083816531,0.3668793384361265,0.5361838013076788,,,
2018,103.0,Congo,4.812,,,0.9527210662078853,1.0254092516422275,0.4302928587436674,0.4855961188960074,,,
2017,114.0,Congo,4.559,,,0.37584332053303726,0.9941376875686649,0.4514823150348663,0.3998335633897782,,,
2016,124.0,Congo,4.291,,,0.7636470169363018,0.5828211356894173,0.3393469528967539,0.39119501564168957,,,
2015,127.0,Congo,4.236,,,0.7481199999999995,0.7313400000000004,0.3230399999999999,0.5243399999999996,,,
2014,139.0,Congo,3.989,,,1.031400000000001,0.8984400000000001,0.2208099999999998,0.5116200000000006,,,
2012,129.0,Congo,4.297,,,0.7623824143562313,0.5869994875971473,0.33724281117502847,0.38973437352085133,,,
2011,148.0,Congo,3.82,,,0.8800299999999995,0.5509500000000009,0.40375000000000005,0.6467800000000001,,,
2018,12.0,Costa Rica,7.167,,,1.4746096740913393,1.3534292321968078,0.9054450522565846,0.5607696272468564,,,
2017,13.0,Costa Rica,7.072,,,1.2326632183647157,1.0731378739356976,0.7689306642532345,0.653179343805314,,,
2016,12.0,Costa Rica,7.079,,,1.3744761989974976,1.260740103759765,0.8871357086563109,0.5896556769180303,,,
2015,14.0,Costa Rica,7.087,,,1.6121953853988662,1.2308699830532066,0.7885499698543548,0.6072104674386987,,,
2014,12.0,Costa Rica,7.226,,,1.9401569758129107,1.3976696140098566,0.6890977998828896,0.6871039750862122,,,
2012,12.0,Costa Rica,7.257,,,1.816099999999997,1.555130000000001,0.8226599999999994,0.8742200000000014,,,
2011,12.0,Costa Rica,7.251,,,1.9421938024616219,1.53616642097473,0.7009821342563629,0.7659668522691727,,,
2018,99.0,Côte d’Ivoire,4.944,,,1.2536247440096537,0.8110718262631106,0.4429282190481823,0.33512161391051604,,,
2017,107.0,Côte d’Ivoire,4.671,,,0.8595705622053142,0.6883315086984628,0.4926250964117051,0.3702425549554826,,,
2016,128.0,Côte d’Ivoire,4.18,,,0.9741511248230936,0.945733657231331,0.5457412257146842,0.5256015629732619,,,
2015,139.0,Côte d’Ivoire,3.916,,,0.775013931709448,0.9771247741149273,0.26794550763805736,0.7465103732258478,,,
2014,151.0,Côte d’Ivoire,3.655,,,0.44053201851367957,0.9447528151130704,0.16680958278059968,0.40562786955356606,,,
2011,133.0,Côte d’Ivoire,4.197,,,0.6631730705690392,0.9046729272174845,0.31697388164043455,0.35700012912988605,,,
2018,75.0,Croatia,5.432,,,1.7366691666666645,1.0284812499999982,0.788676666666666,0.4617024999999993,,,
2017,82.0,Croatia,5.321,,,1.6697320000000004,1.2033658333333328,0.6825624999999995,0.4243623333333333,,,
2016,77.0,Croatia,5.293,,,0.9621724273109433,1.0596605351257324,0.563842221336365,0.66013685678482,,,
2015,74.0,Croatia,5.488,,,1.1562339484596247,1.1597594037532808,0.6507573115587233,0.5342651367878914,,,
2014,62.0,Croatia,5.759,,,1.3333297634315497,1.1672335055446643,0.45604445664405785,0.5238846449995047,,,
2012,58.0,Croatia,5.661,,,1.4143735005617168,1.2693585178089124,0.4563421005582807,0.4688102315378186,,,
2011,58.0,Croatia,5.623,,,1.3183175038862212,1.335279365930557,0.4661789835977555,0.796307144637108,,,
2011,69.0,Cuba,5.418,,,1.5127391666666656,1.192131249999999,0.5458366666666671,0.5195624999999995,,,
2018,49.0,Cyprus,6.046,,,1.275365942373276,1.178282676935196,0.49069788940906583,0.7890443214249612,,,
2017,61.0,Cyprus,5.762,,,1.3333297634315497,1.1672335055446643,0.45604445664405785,0.5238846449995047,,,
2016,65.0,Cyprus,5.621,,,1.3183175038862212,1.335279365930557,0.4661789835977555,0.796307144637108,,,
2015,69.0,Cyprus,5.546,,,1.095883545436857,1.2985462547397628,0.7039403071975708,0.4008412776041032,,,
2014,67.0,Cyprus,5.689,,,0.946984717273712,1.3071517028379431,0.6980260094189644,0.566673165602684,,,
2012,34.0,Cyprus,6.466,,,1.5211146192836753,1.49358004471779,0.8556822763919831,0.6542909892702109,,,
2011,35.0,Cyprus,6.416,,,1.6899632853221886,1.550679501132966,0.7839081813669203,0.6959447747087475,,,
2018,20.0,Czechia,6.852,,,1.8376474213409433,1.4586542070007327,0.5621620919418328,0.6169744336509712,,,
2017,21.0,Czechia,6.711,,,1.47904,1.4942800000000003,0.5834099999999992,0.8882600000000006,,,
2016,23.0,Czechia,6.609,,,1.6871560000000003,1.3554846666666671,0.6084806666666663,0.6766219999999997,,,
2015,27.0,Czechia,6.596,,,1.7918000000000027,1.4232899999999995,0.6250200000000008,0.7834600000000006,,,
2014,31.0,Czechia,6.505,,,1.8166383333333354,1.2931578333333351,0.6503169999999991,0.6350270000000008,,,
2012,39.0,Czechia,6.29,,,1.3086151306819935,1.1515399356460552,0.5238539577722546,0.6774662758803365,,,
2011,36.0,Czechia,6.36,,,1.5832530499267596,1.4079435538291931,0.6711509609222422,0.686644002876283,,,
2018,2.0,Denmark,7.6,,,1.896560000000002,1.4972600000000011,0.5962999999999996,0.7481200000000005,,,
2017,3.0,Denmark,7.555,,,1.597376455001832,1.2277542044258094,0.7970819911003107,0.6982672682094578,,,
2016,2.0,Denmark,7.522,,,1.8293650160789476,1.7301356748676293,0.8077084340572348,0.9254298074817651,,,
2015,1.0,Denmark,7.526,,,1.884885016078948,1.62745567486763,0.6844484340572364,0.8032298074817664,,,
2014,3.0,Denmark,7.527,,,1.884885016078948,1.62745567486763,0.6844484340572364,0.8032298074817664,,,
2012,1.0,Denmark,7.693,,,1.6250535275268536,1.6548937445068348,0.8592564212036126,0.8622527670288086,,,
2011,1.0,Denmark,7.856,,,1.57280758037567,1.1770210361862166,0.7544108562088009,0.7053026695823676,,,
2014,126.0,Djibouti,4.369,,,0.9251970311673479,1.0184211380526234,0.3170923629891077,0.5116786229985558,,,
2012,114.0,Djibouti,4.69,,,1.1630573588466657,1.2773551960134486,0.5559336824703223,0.5896947373795509,,,
2011,95.0,Djibouti,4.957,,,1.0234003093719477,0.8478796383857728,0.27562620952606237,0.43510012230873146,,,
2018,77.0,Dominican Republic,5.425,,,1.7342591666666647,1.0302812499999983,0.7876366666666661,0.4661324999999994,,,
2017,83.0,Dominican Republic,5.302,,,1.15434,0.919540000000001,0.47239000000000003,0.7911299999999989,,,
2016,86.0,Dominican Republic,5.23,,,0.7419996543264388,0.6745103801441193,0.22796791628837576,0.42942786643981967,,,
2015,89.0,Dominican Republic,5.155,,,1.0137944737672822,0.7321297156620022,0.5544145742535594,0.608479931259155,,,
2014,98.0,Dominican Republic,4.885,,,0.9831194551976526,1.126701023203533,0.41480985184351615,0.5644428356552131,,,
2012,95.0,Dominican Republic,4.963,,,1.2248800000000017,0.7661849999999998,0.36916500000000035,0.4399250000000005,,,
2011,93.0,Dominican Republic,5.036,,,1.2438850000000017,0.8917880000000007,0.23758599999999983,0.4412029999999995,,,
2018,127.0,DR Congo,4.418,,,1.059235122334956,0.9100645639896381,0.4690370545911792,0.28630514390707046,,,
2017,132.0,DR Congo,4.245,,,0.7609099999999986,0.7449299999999992,0.39394000000000046,0.4378800000000004,,,
2016,126.0,DR Congo,4.28,,,0.8480599999999997,0.6040699999999993,0.23749999999999982,0.3839100000000004,,,
2015,125.0,DR Congo,4.272,,,0.5804699999999997,0.6756500000000009,0.30100999999999944,0.5116499999999998,,,
2014,120.0,DR Congo,4.517,,,0.8413665000000006,0.7333695,0.45171300000000003,0.3673919999999996,,,
2012,117.0,DR Congo,4.578,,,0.7972375414586071,0.8423000282144553,0.34941806964635874,0.4227294925260549,,,
2011,141.0,DR Congo,3.984,,,1.027525603826047,0.899479849457741,0.2214395396649836,0.510730276856423,,,
2018,50.0,Ecuador,6.028,,,1.7095240000000007,1.3725613333333337,0.6223999999999998,0.7983100000000003,,,
2017,48.0,Ecuador,5.973,,,1.2851125940036772,1.1685380584812175,0.6350541593503943,0.661968824276924,,,
2016,44.0,Ecuador,6.008,,,0.9668020593833921,1.3080695647811889,0.591958847255707,0.665002309894562,,,
2015,51.0,Ecuador,5.976,,,1.4951239688587181,1.3113763107776633,0.6045932111501686,0.7659052104043959,,,
2014,48.0,Ecuador,5.975,,,1.456975719728469,1.2302967969989786,0.6351089003515239,0.7340168936395643,,,
2012,49.0,Ecuador,5.865,,,1.3976580000000005,1.233361999999998,0.4845849999999993,0.6742709999999994,,,
2011,66.0,Ecuador,5.425,,,1.7342591666666647,1.0302812499999983,0.7876366666666661,0.4661324999999994,,,
2018,137.0,Egypt,4.166,,,0.5832642456197741,0.871701528787613,0.4470810193872453,0.27726554906368256,,,
2017,122.0,Egypt,4.419,,,1.059235122334956,0.9100645639896381,0.4690370545911792,0.28630514390707046,,,
2016,104.0,Egypt,4.735,,,0.7870526342344282,0.9139447522735593,0.37355030568838093,0.35412962578535084,,,
2015,120.0,Egypt,4.362,,,1.1113100000000014,0.6881699999999998,0.4897899999999993,0.536700000000001,,,
2014,135.0,Egypt,4.194,,,0.6631730705690392,0.9046729272174845,0.31697388164043455,0.35700012912988605,,,
2012,130.0,Egypt,4.273,,,0.4808699999999995,0.6780500000000008,0.3130099999999996,0.4736500000000002,,,
2011,101.0,Egypt,4.853,,,0.9989963493824014,0.7115342603397365,0.3640290433406828,0.4189494034767147,,,
2018,35.0,El Salvador,6.253,,,1.36853917693138,1.1997812025451657,0.6053422227764131,0.522126219539642,,,
2017,40.0,El Salvador,6.167,,,1.2542253444253821,1.0341684577651242,0.6621635166622339,0.5709973936317079,,,
2016,45.0,El Salvador,6.003,,,1.2971408213949192,1.4725962538909938,0.6362647449159635,0.6833146346020703,,,
2015,46.0,El Salvador,6.068,,,1.6859300000000008,1.1837699999999993,0.6902599999999997,0.5648300000000009,,,
2014,42.0,El Salvador,6.13,,,1.7911400000000004,1.2443200000000003,0.5967999999999991,0.5053649999999993,,,
2012,52.0,El Salvador,5.809,,,1.2175874999999992,1.0832214999999992,0.5744220000000007,0.5103290000000004,,,
2011,48.0,El Salvador,5.956,,,1.378782216358184,1.2633114256191247,0.5577149689769743,0.8051270602965352,,,
2018,55.0,Estonia,5.893,,,1.3583834312677368,1.2046365146446247,0.658449840292931,0.5960486595201487,,,
2017,63.0,Estonia,5.739,,,1.3442590537261951,1.2828740221786523,0.4528678265762329,0.6541785799980161,,,
2016,66.0,Estonia,5.611,,,0.5928525893831252,1.260825416402816,0.6427566227483749,0.4549143266534806,,,
2015,72.0,Estonia,5.517,,,1.1873837051868437,1.1673095329380032,0.8106028091716769,0.35590697393894183,,,
2014,73.0,Estonia,5.429,,,1.7342591666666647,1.0302812499999983,0.7876366666666661,0.4661324999999994,,,
2012,72.0,Estonia,5.426,,,1.7342591666666647,1.0302812499999983,0.7876366666666661,0.4661324999999994,,,
2011,72.0,Estonia,5.33,,,1.2486879999999996,1.0953856547619047,0.4544287500000004,0.49943826190476126,,,
2018,134.0,Ethiopia,4.286,,,1.0301004833952592,0.7124385189374283,0.4907573306941992,0.3849245716206236,,,
2017,127.0,Ethiopia,4.35,,,0.6690366666666663,0.8854033333333331,0.18904999999999986,0.7706066666666661,,,
2016,119.0,Ethiopia,4.46,,,1.1488900000000009,0.9620899999999994,0.35626999999999986,0.4654200000000001,,,
2015,115.0,Ethiopia,4.508,,,0.9717275000000004,0.9349924999999984,0.40911500000000006,0.577170000000001,,,
2014,122.0,Ethiopia,4.512,,,1.029756166666667,0.9039884999999981,0.45913900000000024,0.5659760000000005,,,
2012,119.0,Ethiopia,4.561,,,0.6608191733503344,1.1824114869880682,0.5954856651735305,0.35916944992780686,,,
2011,139.0,Ethiopia,4.064,,,0.7171299999999996,0.6155599999999994,0.27131000000000044,0.5564000000000004,,,
2018,1.0,Finland,7.769,,,1.7977694754695863,1.6146762952327736,0.7275835702610012,0.8710558369779585,,,
2017,1.0,Finland,7.632,,,1.8080858818817156,1.2446359361267079,0.7830466053009039,0.7082031917572023,,,
2016,5.0,Finland,7.469,,,1.7173299927330012,1.4334988529682149,0.6611244463443745,0.594184672632218,,,
2015,5.0,Finland,7.413,,,1.9995399999999972,1.2213300000000016,0.7663600000000007,0.6656400000000012,,,
2014,6.0,Finland,7.406,,,2.1018700000000012,1.2606600000000006,0.7167100000000005,0.6891600000000005,,,
2012,7.0,Finland,7.389,,,1.6990100000000015,1.1793500000000001,0.7600099999999986,0.7106100000000004,,,
2011,2.0,Finland,7.579,,,1.885587742500304,1.4889640340709693,0.6739353318500515,0.7850495447015758,,,
2018,24.0,France,6.592,,,1.7729100000000024,1.4471499999999984,0.7035700000000001,0.7376900000000001,,,
2017,23.0,France,6.489,,,1.522353714285715,1.1635350000000004,0.6785462380952377,0.6201022380952383,,,
2016,31.0,France,6.442,,,1.6059100913619997,1.380046226768494,0.6856857769966129,0.5854634140586861,,,
2015,32.0,France,6.478,,,1.8448899999999984,1.0635099999999995,0.7283100000000005,0.611099999999999,,,
2014,29.0,France,6.575,,,1.9245799999999977,1.0552500000000007,0.5912600000000007,0.6978299999999993,,,
2012,25.0,France,6.764,,,1.7581619273662568,1.4683782638835896,0.5531615063142781,0.6178584834766389,,,
2011,23.0,France,6.746,,,1.797770000000001,1.468679999999999,0.6917299999999996,0.7854200000000005,,,
2018,104.0,Gabon,4.799,,,0.9596613071107862,0.5760278470134726,0.4343137873387334,0.5869118287980554,,,
2017,103.0,Gabon,4.758,,,0.5964724772739403,0.7049959645318985,0.16089043533325204,0.42796682402610786,,,
2016,118.0,Gabon,4.465,,,0.9023800000000007,1.1175999999999993,0.3672600000000005,0.6177699999999994,,,
2015,134.0,Gabon,4.121,,,1.0943700000000012,0.78903,0.38938,0.4494400000000007,,,
2014,143.0,Gabon,3.896,,,1.0483220000000002,1.0830040000000012,0.49625499999999967,0.5863864999999994,,,
2012,138.0,Gabon,4.114,,,0.881450000000001,0.5334099999999998,0.3600699999999996,0.35971000000000053,,,
2018,120.0,Gambia,4.516,,,1.1308253333333338,0.577335999999999,0.4997440000000001,0.390766,,,
2018,119.0,Georgia,4.519,,,0.8413665000000006,0.7333695,0.45171300000000003,0.3673919999999996,,,
2017,128.0,Georgia,4.34,,,0.9820866666666659,0.9573033333333345,0.4288850000000003,0.689471666666667,,,
2016,125.0,Georgia,4.286,,,1.0301004833952592,0.7124385189374283,0.4907573306941992,0.3849245716206236,,,
2015,126.0,Georgia,4.252,,,0.6977199999999998,0.6063299999999999,0.2909200000000005,0.30743999999999994,,,
2014,130.0,Georgia,4.297,,,0.7623824143562313,0.5869994875971473,0.33724281117502847,0.38973437352085133,,,
2012,134.0,Georgia,4.187,,,0.4004740584039688,0.7460008187198635,0.41494179620265975,0.36970759095430383,,,
2011,146.0,Georgia,3.892,,,1.2020246666666672,1.0519693333333349,0.5422133333333332,0.7021176666666661,,,
2018,17.0,Germany,6.985,,,1.6014700000000008,1.426460000000001,0.5957499999999996,0.7927799999999999,,,
2017,15.0,Germany,6.965,,,1.5804500000000012,1.278280000000001,0.6667500000000004,0.639459999999999,,,
2016,16.0,Germany,6.951,,,1.6811499999999993,1.228601666666668,0.652436666666667,0.6948674999999999,,,
2015,16.0,Germany,6.994,,,1.6015200000000007,1.4235000000000009,0.5981699999999995,0.7928099999999999,,,
2014,26.0,Germany,6.75,,,1.8110800000000007,1.4119299999999972,0.6982299999999991,0.7651899999999994,,,
2012,26.0,Germany,6.672,,,1.6704946268208798,1.5595750584475192,0.6761838089338942,0.7706438423426951,,,
2011,30.0,Germany,6.572,,,1.9666533333333305,1.1878099999999998,0.5281066666666675,0.7445599999999994,,,
2018,98.0,Ghana,4.996,,,0.6642618183612826,0.6959866507911693,0.38488762878894817,0.4455327688169479,,,
2017,108.0,Ghana,4.657,,,0.9886681925725945,0.6266529348754888,0.37264511229991937,0.4781943704581266,,,
2016,131.0,Ghana,4.12,,,1.0943700000000012,0.78903,0.38938,0.4494400000000007,,,
2015,124.0,Ghana,4.276,,,0.49627999999999967,0.6986700000000005,0.3081899999999999,0.47078000000000025,,,
2014,114.0,Ghana,4.633,,,0.8524711026287082,1.0724335313415536,0.5505273303031925,0.4162101516008378,,,
2012,86.0,Ghana,5.091,,,1.1652009523820872,1.1747226413106928,0.5700653787970551,0.4631726883554465,,,
2011,108.0,Ghana,4.705,,,0.891548037176133,0.6006243587875374,0.4291467187190055,0.3136715891075131,,,
2018,82.0,Greece,5.287,,,0.9813315939776099,1.0342288684590655,0.5771505546696982,0.5658318567848203,,,
2017,79.0,Greece,5.358,,,0.9496777145862575,1.1188024295616152,0.4769301990890499,0.5704006721019745,,,
2016,87.0,Greece,5.227,,,0.7972697211468219,0.6528075261735917,0.2674972019171715,0.4873566302883631,,,
2015,99.0,Greece,5.033,,,1.2421850000000016,0.8963080000000007,0.24143599999999982,0.44375299999999945,,,
2014,102.0,Greece,4.857,,,0.9218563493823989,0.8867942603397369,0.3803890433406832,0.6589294034767157,,,
2012,70.0,Greece,5.435,,,1.7581323665046664,1.072405836696623,0.7869272897052758,0.4370121869277947,,,
2011,42.0,Greece,6.133,,,1.6601219886970529,1.3175887649917606,0.6077955952739709,0.5404820382595057,,,
2018,27.0,Guatemala,6.436,,,1.5492300182724008,1.3240732453536994,0.5726171553993225,0.5605606828117375,,,
2017,30.0,Guatemala,6.382,,,1.5526125023078927,1.5589396164226528,0.6792834334993353,0.7862282182621957,,,
2016,29.0,Guatemala,6.454,,,1.6112039378700258,1.3003464967460627,0.5581769097137452,0.6612335572066307,,,
2015,39.0,Guatemala,6.324,,,1.5037406287056607,1.277229295262656,0.6982451417576467,0.5315190470727283,,,
2014,43.0,Guatemala,6.123,,,1.581324958422343,1.1671191913083414,0.6794680747795115,0.5474885853315997,,,
2012,47.0,Guatemala,5.965,,,1.2642100000000023,1.2674899999999976,0.6302499999999991,0.7351800000000012,,,
2011,37.0,Guatemala,6.277,,,1.2533228750038152,1.3614585842132558,0.7479770709896091,0.5178780693674088,,,
2018,118.0,Guinea,4.534,,,0.9669279999999995,0.832683999999999,0.4619359999999997,0.4475440000000001,,,
2017,140.0,Guinea,3.964,,,1.1644804344344153,0.9556586451196663,0.38332585698485344,0.5021424917078022,,,
2016,149.0,Guinea,3.507,,,1.0340813333333332,0.857498166666666,0.19393149999999992,0.4854321666666662,,,
2015,151.0,Guinea,3.607,,,0.19412576157569872,0.2144819865608211,0.288495701398849,0.45159142246723233,,,
2014,150.0,Guinea,3.656,,,0.3901565226984027,0.8415768053627033,0.235235658406019,0.34908085693836244,,,
2012,150.0,Guinea,3.847,,,0.5367300000000007,0.42406000000000027,0.24765000000000018,0.525350000000001,,,
2011,136.0,Guinea,4.171,,,1.0989610262203207,0.9462331613731376,0.3691656493091587,0.41135614524364444,,,
2011,45.0,Guyana,5.993,,,1.2069125125122078,1.1901957030677799,0.6818873663854599,0.48913922718763364,,,
2018,147.0,Haiti,3.597,,,0.2161488078784941,0.21368993280410728,0.29703850699424683,0.4463971123361594,,,
2017,148.0,Haiti,3.582,,,0.694907085695267,0.46433761026382414,0.3603253405666351,0.4278312515497209,,,
2016,145.0,Haiti,3.603,,,0.19412576157569872,0.2144819865608211,0.288495701398849,0.45159142246723233,,,
2015,136.0,Haiti,4.028,,,0.9892100000000013,0.6939000000000003,0.23083999999999996,0.5538200000000003,,,
2014,119.0,Haiti,4.518,,,0.8413665000000006,0.7333695,0.45171300000000003,0.3673919999999996,,,
2012,126.0,Haiti,4.341,,,1.0209823333333334,1.0923446666666679,0.45558450000000017,0.8933108333333327,,,
2011,150.0,Haiti,3.789,,,0.8118899999999991,0.6994430108547224,0.3875285134029389,0.7108959623622905,,,
2018,59.0,Honduras,5.86,,,1.1559099999999984,1.5087600000000012,0.6055549999999992,0.8580849999999998,,,
2017,72.0,Honduras,5.504,,,1.227050822792053,1.3531994710826862,0.8436828031110758,0.46153467649459856,,,
2016,91.0,Honduras,5.181,,,1.3810599999999993,1.0228099999999996,0.5065000000000006,0.6584799999999998,,,
2015,104.0,Honduras,4.871,,,1.1832551666666646,0.8903079999999991,0.44294833333333294,0.5491386666666669,,,
2014,105.0,Honduras,4.788,,,0.7760565383625034,0.897460221376419,0.44549506788253773,0.37740229122877106,,,
2012,84.0,Honduras,5.142,,,0.7319410074329374,0.6073757861709591,0.2558975877952573,0.5048521650934217,,,
2011,63.0,Honduras,5.564,,,1.4029000000000007,1.1781433333333329,0.4604333333333336,0.7075300000000005,,,
2018,76.0,Hong Kong SAR of China,5.43,,,1.7366691666666645,1.0284812499999982,0.788676666666666,0.4617024999999993,,,
2017,76.0,Hong Kong SAR of China,5.43,,,1.7366691666666645,1.0284812499999982,0.788676666666666,0.4617024999999993,,,
2016,71.0,Hong Kong SAR of China,5.472,,,1.5217624999999995,1.2092300000000014,0.5757049999999994,0.6026125000000006,,,
2015,75.0,Hong Kong SAR of China,5.458,,,1.466704071601233,1.1863607073370606,0.5929612772035593,0.4158817165565496,,,
2014,72.0,Hong Kong SAR of China,5.474,,,1.4623584999999995,1.2106360000000012,0.5654129999999993,0.5854185000000005,,,
2012,64.0,Hong Kong SAR of China,5.523,,,1.2627223687076568,1.1003139923095713,0.4124265289306645,0.6324497095262996,,,
2011,67.0,Hong Kong SAR of China,5.424,,,1.7342591666666647,1.0302812499999983,0.7876366666666661,0.4661324999999994,,,
2018,62.0,Hungary,5.758,,,1.3333297634315497,1.1672335055446643,0.45604445664405785,0.5238846449995047,,,
2017,69.0,Hungary,5.62,,,1.2434325116586666,1.3270580977916715,0.4844769507932664,0.7912414339113237,,,
2016,75.0,Hungary,5.324,,,1.330541999999999,1.2290962500000011,0.4339012499999997,0.3391264999999998,,,
2015,91.0,Hungary,5.145,,,0.5968683674764628,0.6606846307945246,0.24412731866121287,0.4565767147421835,,,
2014,104.0,Hungary,4.8,,,0.9609255955362318,0.5951313371276846,0.42784903299570054,0.597966009956598,,,
2012,110.0,Hungary,4.775,,,0.7934130354022979,1.093203584251403,0.6518204979085924,0.24746652597427363,,,
2011,96.0,Hungary,4.943,,,1.2536247440096537,0.8110718262631106,0.4429282190481823,0.33512161391051604,,,
2018,4.0,Iceland,7.494,,,1.442931672296524,1.4927094227981563,0.9887011677169792,0.6668727952051163,,,
2017,4.0,Iceland,7.495,,,1.4422516722965242,1.4990894227981564,0.9946211677169792,0.6749127952051163,,,
2016,3.0,Iceland,7.504,,,1.4849853364372259,1.500043390216827,0.9606155582237242,0.6804497713375092,,,
2015,3.0,Iceland,7.501,,,1.4737415563297278,1.4896985652351378,0.9646677152061461,0.671425797867775,,,
2014,2.0,Iceland,7.561,,,1.5506190650177016,1.3832739761161787,0.9349092473030095,0.6615135926914215,,,
2012,9.0,Iceland,7.355,,,1.4278911359786968,1.3016086212158209,0.9009822765350346,0.6604786208152773,,,
2011,20.0,Iceland,6.888,,,1.961683333333334,1.576296666666667,0.72905,0.8116366666666672,,,
2018,140.0,India,4.015,,,0.8141200000000004,0.7366700000000006,0.19862000000000024,0.3856200000000001,,,
2017,133.0,India,4.19,,,0.4004740584039688,0.7460008187198635,0.41494179620265975,0.36970759095430383,,,
2016,122.0,India,4.315,,,0.5892574003744122,0.8019071881008146,0.3597038057494164,0.5204892231655122,,,
2015,118.0,India,4.404,,,0.8066874268674852,0.904551677064897,0.12796156718730906,0.376488605563641,,,
2014,117.0,India,4.565,,,0.7461913605320454,1.260826324510575,0.6093042318034171,0.35609065232038506,,,
2012,111.0,India,4.772,,,0.7934130354022979,1.093203584251403,0.6518204979085924,0.24746652597427363,,,
2011,94.0,India,4.975,,,1.5210106181812273,1.1421909342002856,0.5822389190721511,0.3072390089893348,,,
2018,92.0,Indonesia,5.192,,,0.7758202199077595,1.1098325407600402,0.246428045363426,0.6938810460853584,,,
2017,96.0,Indonesia,5.093,,,1.1780557703876484,1.1783968340635311,0.627220018107892,0.45524199465274856,,,
2016,81.0,Indonesia,5.262,,,1.3839999999999986,1.2416640000000023,0.5478119999999995,0.3421019999999998,,,
2015,79.0,Indonesia,5.314,,,1.6383799999999993,1.166209999999998,0.7205299999999994,0.5506399999999999,,,
2014,74.0,Indonesia,5.399,,,1.3981149999999984,0.9402874999999993,0.6068399999999996,0.632135,,,
2012,76.0,Indonesia,5.348,,,0.874414438375745,0.8971109342575078,0.5346260905783516,0.5913096749142235,,,
2011,83.0,Indonesia,5.159,,,0.9431566765308385,1.0747597407054892,0.6987359511089324,0.46870496484041196,,,
2018,117.0,Iran,4.548,,,0.875762289134616,0.7682868253696992,0.3094328171721871,0.45985420547367234,,,
2017,106.0,Iran,4.707,,,0.891548037176133,0.6006243587875374,0.4291467187190055,0.3136715891075131,,,
2016,108.0,Iran,4.692,,,1.1630573588466657,1.2773551960134486,0.5559336824703223,0.5896947373795509,,,
2015,105.0,Iran,4.813,,,0.9318086110019681,1.1426768282699589,0.44230058187961574,0.44328430143356307,,,
2014,110.0,Iran,4.686,,,1.1630573588466657,1.2773551960134486,0.5559336824703223,0.5896947373795509,,,
2012,115.0,Iran,4.643,,,0.8934535839557652,0.7674423719787592,0.3771224945259094,0.6073271016645435,,,
2011,84.0,Iran,5.149,,,0.6841464777565004,0.8563102127838134,0.43803033343315134,0.5070572435855866,,,
2018,126.0,Iraq,4.437,,,0.6299338387904555,1.1072885610074992,0.3116499039442142,0.42829701026082034,,,
2017,117.0,Iraq,4.456,,,1.2240000000000004,1.0150399999999997,0.3733799999999996,0.4727400000000002,,,
2016,117.0,Iraq,4.497,,,1.1020800000000002,0.8644699999999994,0.3444300000000001,0.34863000000000016,,,
2015,112.0,Iraq,4.575,,,0.8363177378511435,0.901695405282975,0.3250655098533633,0.4238178481864935,,,
2014,112.0,Iraq,4.677,,,0.936950194191933,1.0918332599401464,0.6820523084688189,0.4574373349428177,,,
2012,105.0,Iraq,4.817,,,0.9259686110019684,1.1797368282699587,0.4297405818796159,0.43273430143356306,,,
2011,98.0,Iraq,4.882,,,0.9448960107612614,0.9288818828582771,0.6620525554180144,0.5032017883110048,,,
2018,16.0,Ireland,7.021,,,1.881289999999999,1.269400000000001,0.7547500000000008,0.6781999999999997,,,
2017,14.0,Ireland,6.977,,,1.8366799999999999,1.2880000000000016,0.6292899999999999,0.6616299999999995,,,
2016,15.0,Ireland,6.977,,,1.8366799999999999,1.2880000000000016,0.6292899999999999,0.6616299999999995,,,
2015,19.0,Ireland,6.907,,,1.7713783531475056,1.4116530004596712,0.7508646674680703,0.7092916864681255,,,
2014,18.0,Ireland,6.94,,,1.5531019725513462,1.3557448906421647,0.8044669867086411,0.5963035293865206,,,
2012,18.0,Ireland,7.076,,,1.2974984634399411,1.2336681751060474,0.8781122947502129,0.5995500781345373,,,
2011,10.0,Ireland,7.284,,,1.405909062538149,1.252634247570036,0.7903736448955524,0.7216032159900666,,,
2018,13.0,Israel,7.139,,,1.454396693436307,1.3735195590051008,0.8409591198253614,0.5341213791243234,,,
2017,11.0,Israel,7.19,,,1.5309379348182697,1.1639898464393594,0.8119010104513174,0.6382719254493705,,,
2016,11.0,Israel,7.213,,,1.5423008129882823,1.3991355987930294,0.9042546493911751,0.6474068786144257,,,
2015,11.0,Israel,7.267,,,1.628779999999999,1.3038099999999988,0.7970199999999987,0.7593100000000007,,,
2014,11.0,Israel,7.278,,,1.4460257107543961,1.2343088985061623,0.7690986705589282,0.7359073775672915,,,
2012,11.0,Israel,7.301,,,1.7077117327880855,1.5203698815917968,0.8170842556762686,0.7749827706909177,,,
2011,14.0,Israel,7.199,,,1.7052167302894612,1.2305369955444325,0.7891827886724476,0.6655896871900557,,,
2018,36.0,Italy,6.223,,,1.417315198541369,1.0747638669281918,0.7386831452467334,0.6121180584034459,,,
2017,47.0,Italy,6.0,,,1.1580248611545563,1.414632232675555,0.7746658131790164,0.4682110534405709,,,
2016,48.0,Italy,5.964,,,1.1511200000000015,1.2102999999999984,0.5158699999999997,0.7996800000000001,,,
2015,50.0,Italy,5.977,,,1.427623968858718,1.370836310777664,0.5766532111501689,0.773695210404395,,,
2014,50.0,Italy,5.948,,,1.543549544963838,1.1462698789405832,0.7033502424335485,0.3970498807477951,,,
2012,45.0,Italy,6.021,,,1.188143269786835,1.316045094013213,0.7455266559314729,0.5796520118427277,,,
2011,28.0,Italy,6.578,,,1.8277999999999992,1.0125600000000008,0.6616500000000003,0.6655099999999997,,,
2018,56.0,Jamaica,5.89,,,1.0527321182489393,1.251919056758883,0.7336787485265737,0.5598385336351395,,,
2017,56.0,Jamaica,5.89,,,1.0527321182489393,1.251919056758883,0.7336787485265737,0.5598385336351395,,,
2016,76.0,Jamaica,5.311,,,1.2151400000000003,1.1395499999999976,0.5104099999999999,0.6441700000000004,,,
2015,73.0,Jamaica,5.51,,,1.281146397848129,1.2388479485225683,1.034770796937942,0.38446229075431826,,,
2014,65.0,Jamaica,5.709,,,1.5784299999999976,1.1162600000000003,0.5971,0.6604700000000008,,,
2012,75.0,Jamaica,5.374,,,1.0884625714285703,0.951708428571428,0.531317285714286,0.5505724285714286,,,
2011,40.0,Jamaica,6.208,,,1.5977315611267087,1.6087302312755591,0.5153663301420215,0.6895006869435314,,,
2018,58.0,Japan,5.886,,,1.0066951247549059,1.2408846621418022,0.7414441744852072,0.5320920971322062,,,
2017,54.0,Japan,5.915,,,1.4122980913925187,1.5008783383655553,0.6365746809005749,0.661608470768928,,,
2016,51.0,Japan,5.92,,,1.005989338680904,1.017768885587058,0.6554767548561109,0.6339263576952628,,,
2015,53.0,Japan,5.921,,,1.2417246827093746,1.1841299900945044,0.7361102645683298,0.6958557397524526,,,
2014,46.0,Japan,5.987,,,1.197034949235916,1.0526306320953356,0.6023262955093377,0.5864029015064234,,,
2012,43.0,Japan,6.064,,,1.2247099999999984,1.023919999999999,0.6177100000000002,0.6692900000000003,,,
2011,44.0,Japan,6.059,,,1.7315297118663782,1.222473384675978,0.7609394470453265,0.5779316071248052,,,
2018,101.0,Jordan,4.906,,,0.9813460663485531,0.6400900283622731,0.33218327061653136,0.5131023230934137,,,
2017,90.0,Jordan,5.161,,,0.9326521305465701,1.0901920015239706,0.692428632249832,0.45344965932607645,,,
2016,74.0,Jordan,5.336,,,1.0900200000000013,0.8690962499999983,0.5874812499999996,0.5985725000000003,,,
2015,80.0,Jordan,5.303,,,1.296540000000001,0.8808400000000013,0.5376399999999998,0.6894299999999993,,,
2014,82.0,Jordan,5.192,,,0.7758202199077595,1.1098325407600402,0.246428045363426,0.6938810460853584,,,
2012,74.0,Jordan,5.414,,,1.089330166666665,0.9746547500000006,0.6231366666666666,0.7139555000000002,,,
2011,54.0,Jordan,5.706,,,1.4907500000000002,1.3029399999999987,0.5414900000000009,0.6272300000000002,,,
2018,60.0,Kazakhstan,5.809,,,1.2175874999999992,1.0832214999999992,0.5744220000000007,0.5103290000000004,,,
2017,60.0,Kazakhstan,5.79,,,1.4250077198982227,1.2607832062244415,0.5706873339128489,0.5871994911766059,,,
2016,60.0,Kazakhstan,5.819,,,1.383318999999999,1.3495426666666686,0.4154130000000004,0.7133733333333325,,,
2015,54.0,Kazakhstan,5.919,,,1.0044473469893147,1.0217741890748357,0.6576699076652541,0.6336153095833472,,,
2014,54.0,Kazakhstan,5.855,,,1.3352800000000002,1.1674899999999997,0.6123300000000004,0.6524600000000003,,,
2012,57.0,Kazakhstan,5.671,,,0.9497528671598435,1.1940407026195512,0.6951304489564895,0.3485523614645002,,,
2011,59.0,Kazakhstan,5.594,,,1.2798383359241483,0.9095962439537041,0.5970859890651699,0.6091414297580723,,,
2018,121.0,Kenya,4.509,,,1.0141148333333339,0.9249444999999983,0.43341300000000005,0.5671220000000009,,,
2017,124.0,Kenya,4.41,,,1.0567717480516423,0.9142612900447835,0.45057393795251877,0.27551831835031537,,,
2016,112.0,Kenya,4.553,,,0.7957365612485409,1.0775966718063357,0.5047857864780427,0.35263388088130954,,,
2015,122.0,Kenya,4.356,,,0.5536300000000003,0.4444600000000007,0.17511999999999994,0.4013899999999998,,,
2014,125.0,Kenya,4.419,,,1.059235122334956,0.9100645639896381,0.4690370545911792,0.28630514390707046,,,
2012,123.0,Kenya,4.403,,,0.8066874268674852,0.904551677064897,0.12796156718730906,0.376488605563641,,,
2011,134.0,Kenya,4.18,,,0.9741511248230936,0.945733657231331,0.5457412257146842,0.5256015629732619,,,
2018,46.0,Kosovo,6.1,,,1.2032699302037555,1.327999535808563,0.7565911595710118,0.5900728521998724,,,
2017,66.0,Kosovo,5.662,,,1.4143735005617168,1.2693585178089124,0.4563421005582807,0.4688102315378186,,,
2016,78.0,Kosovo,5.279,,,1.398729707121849,1.0817170089187615,0.3837413703556058,0.591338614279747,,,
2015,77.0,Kosovo,5.401,,,1.4022149999999995,1.1268375000000008,0.5305799999999996,0.7493949999999998,,,
2014,69.0,Kosovo,5.589,,,1.3917399999999998,0.9497499999999992,0.6805799999999992,0.5883299999999994,,,
2012,83.0,Kosovo,5.222,,,0.7347293917944039,0.6390335505930583,0.28372637169957166,0.5379036497455845,,,
2011,68.0,Kosovo,5.42,,,1.5127391666666656,1.192131249999999,0.5458366666666671,0.5195624999999995,,,
2018,51.0,Kuwait,6.021,,,1.188143269786835,1.316045094013213,0.7455266559314729,0.5796520118427277,,,
2017,45.0,Kuwait,6.083,,,1.5805249760532378,1.1546844666290297,0.6590185834121702,0.49570099553108177,,,
2016,39.0,Kuwait,6.105,,,1.6661343397738144,0.9476575965042116,0.6552150453192387,0.6183338950430549,,,
2015,41.0,Kuwait,6.239,,,1.6135253453553517,1.3696811368007664,0.623266351541201,0.6103632399269737,,,
2014,39.0,Kuwait,6.295,,,1.514883356266022,1.1515629859352101,0.5956509307193758,0.5892069955921169,,,
2012,32.0,Kuwait,6.515,,,1.9225239999999997,1.1406794999999994,0.7069659999999992,0.594566000000001,,,
2011,29.0,Kuwait,6.574,,,1.9238699999999977,1.0561400000000005,0.5938300000000007,0.7015899999999992,,,
2018,86.0,Kyrgyzstan,5.261,,,1.4035799999999987,1.2510440000000023,0.5460519999999996,0.34264199999999984,,,
2017,92.0,Kyrgyzstan,5.131,,,0.9031839184284235,1.0063373471736912,0.6476378069782257,0.3230487500548363,,,
2016,98.0,Kyrgyzstan,5.004,,,0.6762445335133873,0.6807007165908823,0.4033037097167971,0.46591542649428047,,,
2015,85.0,Kyrgyzstan,5.185,,,1.184997145400046,1.03336195634365,0.4086074292969709,0.6872874683356289,,,
2014,77.0,Kyrgyzstan,5.286,,,0.9813315939776099,1.0342288684590655,0.5771505546696982,0.5658318567848203,,,
2012,89.0,Kyrgyzstan,5.042,,,0.6290999999999998,0.255504,0.25337200000000026,0.47504133333333365,,,
2011,102.0,Kyrgyzstan,4.828,,,0.9431531652116777,1.0345973607683185,0.47127920952081687,0.453212272520065,,,
2018,105.0,Lao PDR,4.796,,,0.9596613071107862,0.5760278470134726,0.4343137873387334,0.5869118287980554,,,
2017,110.0,Lao PDR,4.623,,,0.7696982731342321,0.346850575504303,0.3567447275161748,0.5184650679206844,,,
2015,102.0,Lao PDR,4.876,,,1.369006333333335,1.0574140000000003,0.46828666666666735,0.3877393333333328,,,
2014,99.0,Lao PDR,4.876,,,1.369006333333335,1.0574140000000003,0.46828666666666735,0.3877393333333328,,,
2012,109.0,Lao PDR,4.787,,,0.7760565383625034,0.897460221376419,0.44549506788253773,0.37740229122877106,,,
2011,82.0,Lao PDR,5.161,,,0.9326521305465701,1.0901920015239706,0.692428632249832,0.45344965932607645,,,
2018,53.0,Latvia,5.94,,,1.5096800000000001,1.1057949999999994,0.7988149999999997,0.5206449999999997,,,
2017,53.0,Latvia,5.933,,,1.6985139999999985,1.2232559999999992,0.6708459999999993,0.3276680000000001,,,
2016,54.0,Latvia,5.85,,,1.3509300000000009,1.1311100000000007,0.6498700000000006,0.6184400000000001,,,
2015,68.0,Latvia,5.56,,,1.313723223096849,1.0662924396572115,0.5955686361331936,0.5605348820018772,,,
2014,89.0,Latvia,5.098,,,1.0026030068922034,0.8190100525951388,0.5948722127676003,0.4542262579059604,,,
2012,88.0,Latvia,5.046,,,0.7995000000000009,0.44430400000000025,0.35377199999999986,0.48984133333333335,,,
2011,106.0,Latvia,4.762,,,0.726483141016959,0.6928048835468293,0.17858681931734094,0.44127100198030506,,,
2018,91.0,Lebanon,5.197,,,1.0777853676888596,1.2020076854305266,0.814835625514167,0.5435538660963604,,,
2017,88.0,Lebanon,5.199,,,1.4228600007149819,0.813594504096985,0.6804938680735998,0.5057368601711817,,,
2016,88.0,Lebanon,5.225,,,0.7666946152174475,0.6642460948991775,0.2626384609484673,0.4947634280931956,,,
2015,93.0,Lebanon,5.129,,,0.9447417237854028,1.0008919565963752,0.657056059360504,0.3183013653469086,,,
2014,103.0,Lebanon,4.839,,,0.5111043686676022,0.6758149493646626,0.35734987717151606,0.46895607460498817,,,
2012,97.0,Lebanon,4.931,,,0.796786666666667,0.7173766666666656,0.3269666666666666,0.5888333333333337,,,
2011,92.0,Lebanon,5.049,,,0.7042507142857147,0.6525157142857134,0.23984500000000003,0.5122366666666668,,,
2018,144.0,Lesotho,3.802,,,0.9379299999999989,0.8619300000000011,0.4191100000000004,0.7665799999999997,,,
2017,141.0,Lesotho,3.808,,,0.9379299999999989,0.8619300000000011,0.4191100000000004,0.7665799999999997,,,
2016,139.0,Lesotho,3.808,,,0.9379299999999989,0.8619300000000011,0.4191100000000004,0.7665799999999997,,,
2014,97.0,Lesotho,4.898,,,1.3193050000000026,0.8092599999999999,0.47622250000000044,0.5948949999999994,,,
2012,98.0,Lesotho,4.898,,,1.3193050000000026,0.8092599999999999,0.47622250000000044,0.5948949999999994,,,
2018,141.0,Liberia,3.975,,,1.1837524153041854,0.9487593978309624,0.3792881586599347,0.48014110742569005,,,
2017,149.0,Liberia,3.495,,,0.7839131365887329,0.6179675103632601,0.20504971865574517,0.4919285156424839,,,
2016,148.0,Liberia,3.533,,,0.3090076691269875,0.6743998577308655,0.4108295525050164,0.38867986423492434,,,
2015,150.0,Liberia,3.622,,,0.3836781621861457,0.449078200731277,0.2746880443280939,0.46348102594614005,,,
2014,116.0,Liberia,4.571,,,0.8291470576763156,1.1492103697776797,0.40641885628700264,0.4308484193801882,,,
2012,133.0,Liberia,4.196,,,0.6631730705690392,0.9046729272174845,0.31697388164043455,0.35700012912988605,,,
2011,140.0,Liberia,4.04,,,0.7551599999999997,0.6539999999999994,0.18321999999999988,0.5177199999999992,,,
2018,72.0,Libya,5.525,,,1.3384399999999999,1.0953700000000015,0.47592000000000034,0.5902499999999994,,,
2017,70.0,Libya,5.566,,,1.3999400000000002,1.1974499999999992,0.4814600000000002,0.7046900000000005,,,
2016,68.0,Libya,5.525,,,1.3384399999999999,1.0953700000000015,0.47592000000000034,0.5902499999999994,,,
2015,67.0,Libya,5.615,,,1.0644925272035584,1.3331255615139008,0.5127428851842883,0.7685600124597554,,,
2014,63.0,Libya,5.754,,,0.9867362790298464,1.156183321590425,0.573238485355377,0.5582894099712374,,,
2012,78.0,Libya,5.34,,,1.016362000000001,0.7649379999999989,0.5713239999999996,0.5803200000000007,,,
2011,81.0,Libya,5.178,,,1.329649999999999,1.033420000000001,0.5354300000000003,0.5974999999999997,,,
2018,42.0,Lithuania,6.149,,,1.3962159942989363,1.2781637075634005,0.5006362459659577,0.6509328587188723,,,
2017,50.0,Lithuania,5.952,,,1.4551164867401118,1.2006419171619425,0.6699687137222295,0.4760049118065831,,,
2016,52.0,Lithuania,5.902,,,1.4953280083084104,1.2651753034877797,0.3963031528091425,0.6152589518880838,,,
2015,60.0,Lithuania,5.813,,,1.2175874999999992,1.0832214999999992,0.5744220000000007,0.5103290000000004,,,
2014,56.0,Lithuania,5.833,,,1.3680949999999996,1.6128149999999977,0.498675,0.6728649999999995,,,
2012,71.0,Lithuania,5.426,,,1.7342591666666647,1.0302812499999983,0.7876366666666661,0.4661324999999994,,,
2011,60.0,Lithuania,5.588,,,1.4079499999999998,0.9551699999999993,0.6848699999999992,0.5884099999999992,,,
2018,14.0,Luxembourg,7.09,,,1.5730986700630194,1.420895752592087,0.840952538042068,0.6111913616800311,,,
2017,17.0,Luxembourg,6.91,,,1.664227035665511,1.5453174008274073,0.8276824014425276,0.7581510356426244,,,
2016,18.0,Luxembourg,6.863,,,1.531562515392303,1.4295001042556774,0.8077687125492095,0.5601293607950213,,,
2015,20.0,Luxembourg,6.871,,,1.538622515392303,1.4411001042556775,0.8349587125492094,0.5741793607950213,,,
2014,17.0,Luxembourg,6.946,,,1.7701636052074423,1.188556601179124,0.7152385403299333,0.6336617473468785,,,
2012,19.0,Luxembourg,7.054,,,1.8796700000000022,1.4214799999999999,0.7142299999999997,0.7456300000000001,,,
2011,16.0,Luxembourg,7.051,,,1.9087500000000022,1.4258199999999996,0.7154299999999997,0.7461600000000002,,,
2018,143.0,Madagascar,3.933,,,0.5077405000554719,0.860518150255521,0.25516525289734215,0.5309225549084344,,,
2017,143.0,Madagascar,3.774,,,0.9194100000000014,0.874481505427361,0.09087425670146956,0.41086798118114465,,,
2016,144.0,Madagascar,3.644,,,0.4170420185136796,0.9201428151130703,0.1680395827805997,0.39389786955356615,,,
2015,148.0,Madagascar,3.695,,,0.7689487542343132,0.739973708381653,0.2719293384361266,0.5492338013076782,,,
2014,147.0,Madagascar,3.681,,,0.7750087747907629,0.7598788004875188,0.26031869621872894,0.5599573506307602,,,
2012,146.0,Madagascar,3.966,,,1.1601604344344152,0.9509786451196663,0.38222585698485345,0.48844249170780224,,,
2011,129.0,Madagascar,4.309,,,0.803283472512563,1.0059493025779718,0.2616047812922795,0.38166911010106397,,,
2018,150.0,Malawi,3.41,,,0.4777499999999996,0.3255900000000005,0.3711299999999996,0.6124600000000006,,,
2017,147.0,Malawi,3.587,,,0.5244118541812895,0.3594978790473936,0.307491312589645,0.42712280220508625,,,
2016,136.0,Malawi,3.97,,,1.164180434434415,0.9472086451196664,0.3805858569848535,0.4898924917078022,,,
2015,132.0,Malawi,4.156,,,0.7823468682432169,0.9053961860370644,0.39770733933448815,0.3156005420231821,,,
2014,131.0,Malawi,4.292,,,0.7636470169363018,0.5828211356894173,0.3393469528967539,0.39119501564168957,,,
2012,139.0,Malawi,4.113,,,0.7049900000000006,0.4074399999999999,0.3201199999999996,0.32095000000000057,,,
2011,114.0,Malawi,4.624,,,0.4179343704104425,0.6726668261766433,0.33262372068405177,0.5294604944062231,,,
2018,80.0,Malaysia,5.339,,,1.016362000000001,0.7649379999999989,0.5713239999999996,0.5803200000000007,,,
2017,35.0,Malaysia,6.322,,,1.5258499620389943,1.292869961929323,0.7101914750909802,0.5393557137393951,,,
2016,42.0,Malaysia,6.084,,,1.5805249760532378,1.1546844666290297,0.6590185834121702,0.49570099553108177,,,
2015,47.0,Malaysia,6.005,,,1.2348709906911837,1.4441758246612568,0.6035280429506313,0.7209967720913891,,,
2014,61.0,Malaysia,5.77,,,1.3300318182945263,1.0381344896411893,0.6375040329408646,0.47059428419113203,,,
2012,56.0,Malaysia,5.76,,,1.3333297634315497,1.1672335055446643,0.45604445664405785,0.5238846449995047,,,
2011,51.0,Malaysia,5.823,,,1.4950499999999989,1.2619700000000011,0.5273300000000004,0.6612899999999989,,,
2018,128.0,Mali,4.39,,,1.0640559642171865,0.8727052183628081,0.4166529109334946,0.737980716836453,,,
2017,118.0,Mali,4.447,,,1.3641999999999987,1.1825000000000003,0.41411999999999977,0.5300200000000007,,,
2016,127.0,Mali,4.19,,,0.4004740584039688,0.7460008187198635,0.41494179620265975,0.36970759095430383,,,
2015,135.0,Mali,4.073,,,0.6598899999999994,0.7267400000000002,0.24779000000000034,0.4983200000000004,,,
2014,138.0,Mali,3.995,,,1.031400000000001,0.8984400000000001,0.2208099999999998,0.5116200000000006,,,
2012,132.0,Mali,4.247,,,0.7042099999999998,0.6085799999999999,0.28954000000000046,0.3064799999999999,,,
2011,143.0,Mali,3.967,,,1.164180434434415,0.9472086451196664,0.3805858569848535,0.4898924917078022,,,
2018,22.0,Malta,6.726,,,1.8951099999999972,1.4534999999999991,0.5824200000000005,0.6366699999999991,,,
2017,22.0,Malta,6.627,,,1.6943550000000018,1.4350366666666647,0.7360666666666661,0.8665849999999996,,,
2016,27.0,Malta,6.527,,,1.9818319999999994,1.2360235000000004,0.6572379999999995,0.6814280000000005,,,
2015,30.0,Malta,6.488,,,1.5163794285714294,1.1493078571428574,0.6911890952380949,0.6085508095238097,,,
2014,37.0,Malta,6.302,,,1.6026489418589274,1.389494164555868,0.6400078352991733,0.6386092804387408,,,
2012,48.0,Malta,5.964,,,1.1511200000000015,1.2102999999999984,0.5158699999999997,0.7996800000000001,,,
2011,47.0,Malta,5.96,,,1.178857635850907,1.222766641044615,0.46489989982128127,0.8708014807653421,,,
2018,122.0,Mauritania,4.49,,,0.9852800000000009,0.8342499999999998,0.2514900000000002,0.41872999999999977,,,
2017,126.0,Mauritania,4.356,,,0.5536300000000003,0.4444600000000007,0.17511999999999994,0.4013899999999998,,,
2016,123.0,Mauritania,4.292,,,0.7636470169363018,0.5828211356894173,0.3393469528967539,0.39119501564168957,,,
2015,130.0,Mauritania,4.201,,,0.7122900000000003,0.6856500000000001,0.17292000000000013,0.40599,,,
2014,124.0,Mauritania,4.436,,,0.6299338387904555,1.1072885610074992,0.3116499039442142,0.42829701026082034,,,
2012,112.0,Mauritania,4.758,,,0.5964724772739403,0.7049959645318985,0.16089043533325204,0.42796682402610786,,,
2011,113.0,Mauritania,4.643,,,0.8934535839557652,0.7674423719787592,0.3771224945259094,0.6073271016645435,,,
2018,57.0,Mauritius,5.888,,,1.0527321182489393,1.251919056758883,0.7336787485265737,0.5598385336351395,,,
2017,55.0,Mauritius,5.891,,,1.2946334312677374,1.1519865146446246,0.7044198402929314,0.580278659520149,,,
2016,64.0,Mauritius,5.629,,,1.4201975038862227,1.2605993659305559,0.477398983597755,0.5719271446371073,,,
2015,66.0,Mauritius,5.648,,,1.2242439545965211,1.128849865255355,0.48966928186893427,0.5451736574125281,,,
2014,71.0,Mauritius,5.477,,,1.3993140000000006,0.9863090000000004,0.6662920000000002,0.45650899999999994,,,
2012,67.0,Mauritius,5.477,,,1.3993140000000006,0.9863090000000004,0.6662920000000002,0.45650899999999994,,,
2011,64.0,Mauritius,5.477,,,1.3993140000000006,0.9863090000000004,0.6662920000000002,0.45650899999999994,,,
2018,23.0,Mexico,6.595,,,1.7949500000000027,1.4255399999999994,0.6217800000000008,0.7831300000000005,,,
2017,24.0,Mexico,6.488,,,1.5163794285714294,1.1493078571428574,0.6911890952380949,0.6085508095238097,,,
2016,25.0,Mexico,6.578,,,1.8277999999999992,1.0125600000000008,0.6616500000000003,0.6655099999999997,,,
2015,21.0,Mexico,6.778,,,1.5675190255165092,1.5955531832027432,0.7446247020530707,0.8184518896007527,,,
2014,14.0,Mexico,7.187,,,1.5309379348182697,1.1639898464393594,0.8119010104513174,0.6382719254493705,,,
2012,16.0,Mexico,7.088,,,1.6121953853988662,1.2308699830532066,0.7885499698543548,0.6072104674386987,,,
2011,24.0,Mexico,6.74,,,1.8207900000000012,1.433419999999999,0.6726300000000001,0.7897600000000006,,,
2018,83.0,Mongolia,5.285,,,0.97530159397761,1.0311488684590655,0.5771805546696982,0.5615518567848203,,,
2017,94.0,Mongolia,5.125,,,1.0252565121755595,1.0233991402626041,0.6932781747026442,0.47201568128395105,,,
2016,100.0,Mongolia,4.955,,,0.685850309371948,0.8749496383857737,0.09176620952606201,0.5619601223087313,,,
2015,101.0,Mongolia,4.907,,,0.4996248056805136,0.8530360879230497,0.2811961389112471,0.4727332015895842,,,
2014,100.0,Mongolia,4.874,,,1.073262833333332,0.9763959999999989,0.3780616666666666,0.5512373333333338,,,
2012,102.0,Mongolia,4.834,,,0.5199725575256344,0.6765143788766866,0.3560432873296734,0.46284646559715276,,,
2011,119.0,Mongolia,4.562,,,0.6608191733503344,1.1824114869880682,0.5954856651735305,0.35916944992780686,,,
2018,73.0,Montenegro,5.523,,,1.2627223687076568,1.1003139923095713,0.4124265289306645,0.6324497095262996,,,
2017,81.0,Montenegro,5.347,,,0.9085004190676544,0.7406298286374416,0.4138245847011747,0.5365940924258455,,,
2016,83.0,Montenegro,5.237,,,1.072223391351699,0.5527740222215655,0.3434960851573941,0.47613782569646856,,,
2015,88.0,Montenegro,5.161,,,0.9326521305465701,1.0901920015239706,0.692428632249832,0.45344965932607645,,,
2014,83.0,Montenegro,5.192,,,0.7758202199077595,1.1098325407600402,0.246428045363426,0.6938810460853584,,,
2012,80.0,Montenegro,5.299,,,1.15434,0.919540000000001,0.47239000000000003,0.7911299999999989,,,
2011,86.0,Montenegro,5.147,,,0.6116564777564999,0.8453502127838131,0.36705033343315113,0.4801072435855865,,,
2018,89.0,Morocco,5.208,,,0.37690053320010514,1.2163042780558286,0.28286023392200477,0.47303426044702523,,,
2017,85.0,Morocco,5.254,,,1.4751299999999998,1.2022040000000025,0.4667420000000005,0.4573520000000002,,,
2016,84.0,Morocco,5.235,,,1.004630944490432,0.5461122031068804,0.3127714861583707,0.45830762826681165,,,
2015,90.0,Morocco,5.151,,,0.7170176376056675,0.8968254189014434,0.4715501573944094,0.5180139811873435,,,
2014,92.0,Morocco,5.013,,,0.8669798138554896,0.9152020781135569,0.5535427581787108,0.276714070166747,,,
2012,99.0,Morocco,4.885,,,0.9831194551976526,1.126701023203533,0.41480985184351615,0.5644428356552131,,,
2011,105.0,Morocco,4.793,,,0.46526130711078645,0.6542678470134734,0.29079378733873423,0.5758718287980549,,,
2018,123.0,Mozambique,4.466,,,0.9352600000000009,0.9688,0.3411000000000007,0.5456899999999993,,,
2017,123.0,Mozambique,4.417,,,1.059235122334956,0.9100645639896381,0.4690370545911792,0.28630514390707046,,,
2016,113.0,Mozambique,4.55,,,1.0982882891346155,0.9224108253696989,0.36234581717218683,0.422810205473673,,,
2014,94.0,Mozambique,4.971,,,1.2176956666666665,0.7712328333333331,0.37491149999999984,0.4583351666666666,,,
2012,94.0,Mozambique,4.971,,,1.2176956666666665,0.7712328333333331,0.37491149999999984,0.4583351666666666,,,
2011,110.0,Mozambique,4.693,,,1.1630573588466657,1.2773551960134486,0.5559336824703223,0.5896947373795509,,,
2018,131.0,Myanmar,4.36,,,1.1113100000000014,0.6881699999999998,0.4897899999999993,0.536700000000001,,,
2017,130.0,Myanmar,4.308,,,0.7720097988322575,0.9292399036445602,0.29704866658004103,0.4589331754921275,,,
2016,114.0,Myanmar,4.545,,,0.9613585714285706,0.6726557142857139,0.3712042857142861,0.45202285714285684,,,
2015,119.0,Myanmar,4.395,,,0.970347426867485,0.7456616770648963,0.4959215671873086,0.45250860556364,,,
2014,129.0,Myanmar,4.307,,,0.7720097988322575,0.9292399036445602,0.29704866658004103,0.4589331754921275,,,
2012,121.0,Myanmar,4.439,,,1.2634130473651468,1.200104886803628,0.3941430178711809,0.5165249349153048,,,
2011,74.0,Myanmar,5.322,,,1.6697320000000004,1.2033658333333328,0.6825624999999995,0.4243623333333333,,,
2018,113.0,Namibia,4.639,,,0.7812535839557649,0.7982023719787587,0.2245224945259091,0.48310710166454274,,,
2017,119.0,Namibia,4.441,,,1.2634130473651468,1.200104886803628,0.3941430178711809,0.5165249349153048,,,
2016,111.0,Namibia,4.574,,,0.8363177378511435,0.901695405282975,0.3250655098533633,0.4238178481864935,,,
2015,113.0,Namibia,4.574,,,0.8363177378511435,0.901695405282975,0.3250655098533633,0.4238178481864935,,,
2011,97.0,Namibia,4.886,,,1.0032533333333338,1.123121666666668,0.40663666666666676,0.5572050000000006,,,
2018,100.0,Nepal,4.913,,,0.9627360663485537,1.2068100283622736,0.21677327061653107,0.5143523230934143,,,
2017,101.0,Nepal,4.88,,,1.070765048389436,1.0328771044158949,0.3878543332958223,0.5193802604484562,,,
2016,99.0,Nepal,4.962,,,1.231280000000001,0.789225,0.3488450000000003,0.4143250000000005,,,
2015,107.0,Nepal,4.793,,,0.46526130711078645,0.6542678470134734,0.29079378733873423,0.5758718287980549,,,
2014,121.0,Nepal,4.514,,,1.1308253333333338,0.577335999999999,0.4997440000000001,0.390766,,,
2012,135.0,Nepal,4.156,,,0.7823468682432169,0.9053961860370644,0.39770733933448815,0.3156005420231821,,,
2011,121.0,Nepal,4.474,,,0.7236600000000004,0.796610000000001,0.24754000000000043,0.42616000000000026,,,
2018,5.0,Netherlands,7.488,,,1.5078664311122894,1.496104299783706,0.9170846568584433,0.6493856829786303,,,
2017,6.0,Netherlands,7.441,,,1.478388342056274,1.336871101684569,0.8837084532356263,0.627379623260498,,,
2016,6.0,Netherlands,7.377,,,1.917229999999999,1.2090099999999986,0.7984299999999993,0.7144399999999992,,,
2015,7.0,Netherlands,7.339,,,1.803799409065244,1.5171639080810564,0.7541388184356689,0.7140619080543514,,,
2014,7.0,Netherlands,7.378,,,1.917229999999999,1.2090099999999986,0.7984299999999993,0.7144399999999992,,,
2012,4.0,Netherlands,7.512,,,1.9211801286315946,1.3836553989410403,0.8454474724578864,0.7387984598541262,,,
2011,4.0,Netherlands,7.512,,,1.9211801286315946,1.3836553989410403,0.8454474724578864,0.7387984598541262,,,
2018,8.0,New Zealand,7.307,,,1.7820481497955334,1.6043262055969243,0.8290565958786003,0.825624789009094,,,
2017,8.0,New Zealand,7.324,,,1.811440000000002,1.1928700000000005,0.7301000000000002,0.6740400000000006,,,
2016,8.0,New Zealand,7.314,,,1.9493300000000011,1.512359999999999,0.6156399999999994,0.7567100000000001,,,
2015,8.0,New Zealand,7.334,,,1.825099999999998,1.4865100000000018,0.7366799999999998,0.7039399999999998,,,
2014,9.0,New Zealand,7.286,,,1.3596732652664199,1.3528233624649044,0.9047324030303944,0.657796588821411,,,
2012,13.0,New Zealand,7.221,,,1.566523477621079,1.4481310465240471,0.8880130272197738,0.650092396335602,,,
2011,8.0,New Zealand,7.372,,,1.8985147045326256,1.2208969540405286,0.793979409217835,0.6932259540271762,,,
2018,45.0,Nicaragua,6.105,,,1.6661343397738144,0.9476575965042116,0.6552150453192387,0.6183338950430549,,,
2017,41.0,Nicaragua,6.141,,,1.3896183314495107,1.0486901274986253,0.5288184325456616,0.585147673043251,,,
2016,43.0,Nicaragua,6.071,,,1.5843799999999997,1.1236099999999998,0.6175499999999995,0.5698099999999997,,,
2015,48.0,Nicaragua,5.992,,,1.202327943115235,1.1529149514198302,0.6650238569021225,0.5071070830035211,,,
2014,57.0,Nicaragua,5.828,,,1.1105400000000012,1.2252299999999987,0.57747,0.7093699999999993,,,
2012,65.0,Nicaragua,5.507,,,1.2094124532890318,1.3125887910652148,0.9193414340829846,0.42184294892668733,,,
2011,89.0,Nicaragua,5.115,,,1.0811570867919913,0.7154281557464607,0.5469658429336551,0.5466989340591433,,,
2018,114.0,Niger,4.628,,,0.5033303068661698,0.7192906309556952,0.2502426219081879,0.43377688222885125,,,
2017,134.0,Niger,4.166,,,0.5832642456197741,0.871701528787613,0.4470810193872453,0.27726554906368256,,,
2016,135.0,Niger,4.028,,,0.9892100000000013,0.6939000000000003,0.23083999999999996,0.5538200000000003,,,
2015,142.0,Niger,3.856,,,0.9698300000000001,0.4592700000000004,0.50623,0.7512500000000013,,,
2014,144.0,Niger,3.845,,,0.5367300000000007,0.42406000000000027,0.24765000000000018,0.525350000000001,,,
2012,136.0,Niger,4.152,,,1.210388920044898,0.7802017208766928,0.631144922895431,0.44455640479803044,,,
2011,137.0,Niger,4.122,,,1.1003522894144069,0.7917453953456879,0.392429113111496,0.44944684734106133,,,
2018,85.0,Nigeria,5.265,,,1.1432499999999994,0.9990740000000017,0.4825819999999995,0.4738919999999996,,,
2017,91.0,Nigeria,5.155,,,1.0137944737672822,0.7321297156620022,0.5544145742535594,0.608479931259155,,,
2016,95.0,Nigeria,5.074,,,0.49643999999999977,0.4798300000000006,0.22254000000000027,0.4889199999999994,,,
2015,103.0,Nigeria,4.875,,,1.200385055555555,0.9875459999999997,0.572259444444445,0.5701295555555554,,,
2014,78.0,Nigeria,5.268,,,0.9246266666666676,0.7656273333333332,0.2720553333333331,0.46565199999999934,,,
2012,82.0,Nigeria,5.248,,,1.4175209441423422,1.0396772726106658,0.42554942512512267,0.5163712253212931,,,
2011,100.0,Nigeria,4.856,,,0.9218563493823989,0.8867942603397369,0.3803890433406832,0.6589294034767157,,,
2018,64.0,North Cyprus,5.718,,,0.9601499999999996,1.0149199999999992,0.5176599999999995,0.6567000000000008,,,
2017,58.0,North Cyprus,5.835,,,1.3773499999999996,1.618833333333331,0.4830966666666667,0.6576199999999995,,,
2016,61.0,North Cyprus,5.81,,,1.2175874999999992,1.0832214999999992,0.5744220000000007,0.5103290000000004,,,
2015,62.0,North Cyprus,5.771,,,1.3434918182945266,1.0507744896411895,0.6392040329408646,0.4673142841911321,,,
2014,66.0,North Cyprus,5.695,,,1.2970976717853528,1.2776203899002068,0.5551483988714222,0.5722295483064642,,,
2012,69.0,North Cyprus,5.463,,,1.4693405000000002,1.3554829999999982,0.5400550000000003,0.5896934999999994,,,
2018,84.0,North Macedonia,5.274,,,1.3961575000000008,1.2895089999999985,0.241207,0.5122669999999995,,,
2017,89.0,North Macedonia,5.185,,,1.184997145400046,1.03336195634365,0.4086074292969709,0.6872874683356289,,,
2016,92.0,North Macedonia,5.175,,,1.336048181023597,1.0350883912277231,0.5528640217113499,0.5794920417284962,,,
2015,95.0,North Macedonia,5.121,,,1.2816678025156643,1.112014769468308,0.4230241470333737,0.5315102000907274,,,
2014,93.0,North Macedonia,5.007,,,0.8226098138554891,0.904662078113557,0.5688427581787109,0.285214070166747,,,
2012,118.0,North Macedonia,4.574,,,0.8363177378511435,0.901695405282975,0.3250655098533633,0.4238178481864935,,,
2011,127.0,North Macedonia,4.369,,,0.9251970311673479,1.0184211380526234,0.3170923629891077,0.5116786229985558,,,
2018,3.0,Norway,7.554,,,1.597376455001832,1.2277542044258094,0.7970819911003107,0.6982672682094578,,,
2017,2.0,Norway,7.594,,,1.900400000000002,1.495520000000001,0.5994799999999996,0.7461400000000004,,,
2016,1.0,Norway,7.537,,,1.8899799999999984,1.6055300000000008,0.6296499999999999,0.7707000000000002,,,
2015,4.0,Norway,7.498,,,1.3894905824947361,1.527382715320587,0.9907177811241145,0.6704739216756821,,,
2014,4.0,Norway,7.522,,,1.8293650160789476,1.7301356748676293,0.8077084340572348,0.9254298074817651,,,
2012,2.0,Norway,7.655,,,1.5233965402889256,1.4146919810295093,0.90061616806984,0.6827259330272676,,,
2011,3.0,Norway,7.524,,,1.8667050160789485,1.6504956748676298,0.7314284340572361,0.8422898074817663,,,
2014,22.0,Oman,6.853,,,1.8376474213409433,1.4586542070007327,0.5621620919418328,0.6169744336509712,,,
2012,23.0,Oman,6.853,,,1.8376474213409433,1.4586542070007327,0.5621620919418328,0.6169744336509712,,,
2018,67.0,Pakistan,5.653,,,1.2242439545965211,1.128849865255355,0.48966928186893427,0.5451736574125281,,,
2017,75.0,Pakistan,5.472,,,1.5217624999999995,1.2092300000000014,0.5757049999999994,0.6026125000000006,,,
2016,80.0,Pakistan,5.269,,,0.7886666666666667,0.7775173333333326,0.3783453333333333,0.47797199999999945,,,
2015,92.0,Pakistan,5.132,,,0.6616908837366118,0.7478128719902041,0.4734612039279935,0.37563239490747463,,,
2014,81.0,Pakistan,5.194,,,1.2048399201250064,1.0618197580766666,0.4415755424952505,0.45872984841585174,,,
2012,81.0,Pakistan,5.292,,,0.9394924273109432,1.0143005351257322,0.5804022213363649,0.5924568567848203,,,
2011,85.0,Pakistan,5.149,,,0.6841464777565004,0.8563102127838134,0.43803033343315134,0.5070572435855866,,,
2018,31.0,Panama,6.321,,,1.5800985072708142,1.2256170257568373,0.7028367333602901,0.5446224337005615,,,
2017,27.0,Panama,6.43,,,1.1403100000000006,1.018260000000001,0.6105600000000002,0.62189,,,
2016,30.0,Panama,6.452,,,1.6112039378700258,1.3003464967460627,0.5581769097137452,0.6612335572066307,,,
2015,25.0,Panama,6.701,,,1.3724200000000004,1.3912400000000011,0.6246799999999996,0.8421800000000005,,,
2014,25.0,Panama,6.786,,,1.5223038991832731,1.3723958443832402,0.7696642383146287,0.7219589389610289,,,
2012,15.0,Panama,7.143,,,1.4718117316532138,1.069533109655379,0.7780047650623316,0.5747329529476172,,,
2011,21.0,Panama,6.863,,,1.531562515392303,1.4295001042556774,0.8077687125492095,0.5601293607950213,,,
2018,63.0,Paraguay,5.743,,,0.775654085788727,1.0512376386165625,0.5353314161014552,0.6412061249876031,,,
2017,64.0,Paraguay,5.681,,,0.3470477368640899,1.390478349952696,0.48990614443302194,0.6506233686494822,,,
2016,70.0,Paraguay,5.493,,,1.4509056883430491,1.3489841849040982,0.8313613316583645,0.7423077028298386,,,
2015,70.0,Paraguay,5.538,,,1.1048144334030143,1.2005283546829235,0.7758675994491578,0.38393861269950874,,,
2014,53.0,Paraguay,5.878,,,1.4007200130119335,1.3515691155277434,0.594112375726791,0.6745411269941333,,,
2012,54.0,Paraguay,5.779,,,1.156204552555084,1.2302028473949442,0.7770740752744671,0.4419499040412906,,,
2011,70.0,Paraguay,5.398,,,1.3981149999999984,0.9402874999999993,0.6068399999999996,0.632135,,,
2018,65.0,Peru,5.697,,,1.2700757533073406,1.374821500968932,0.46255938191413826,0.5209908093070978,,,
2017,65.0,Peru,5.663,,,1.4143735005617168,1.2693585178089124,0.4563421005582807,0.4688102315378186,,,
2016,63.0,Peru,5.715,,,1.0636700000000006,1.3041100000000005,0.5689800000000002,0.7674100000000013,,,
2015,64.0,Peru,5.743,,,0.775654085788727,1.0512376386165625,0.5353314161014552,0.6412061249876031,,,
2014,58.0,Peru,5.824,,,1.432299999999999,1.292600000000001,0.5041300000000005,0.7070799999999993,,,
2012,55.0,Peru,5.776,,,1.4511463658905037,1.3518697928237922,0.7369006588172912,0.4144256838226324,,,
2011,77.0,Peru,5.258,,,1.4697299999999998,1.2102540000000026,0.4645820000000005,0.4561620000000002,,,
2018,69.0,Philippines,5.631,,,1.4256991679620743,1.255253121976851,0.4741129945325847,0.5761757148790353,,,
2017,71.0,Philippines,5.524,,,1.276160701160431,1.0785397356510174,0.3927843174839024,0.6563751634800427,,,
2016,72.0,Philippines,5.43,,,1.7366691666666645,1.0284812499999982,0.788676666666666,0.4617024999999993,,,
2015,82.0,Philippines,5.279,,,1.398729707121849,1.0817170089187615,0.3837413703556058,0.591338614279747,,,
2014,90.0,Philippines,5.073,,,0.7696,0.7365900000000007,0.1384999999999998,0.4228099999999997,,,
2012,92.0,Philippines,4.985,,,0.6749355636310582,0.6816034078025822,0.22357527164936045,0.40405608090400724,,,
2011,103.0,Philippines,4.825,,,0.9431531652116777,1.0345973607683185,0.47127920952081687,0.453212272520065,,,
2018,40.0,Poland,6.182,,,1.393478291498185,1.0784539977073673,0.6397503847551351,0.5755030352821348,,,
2017,42.0,Poland,6.123,,,1.581324958422343,1.1671191913083414,0.6794680747795115,0.5474885853315997,,,
2016,46.0,Poland,5.973,,,1.2851125940036772,1.1685380584812175,0.6350541593503943,0.661968824276924,,,
2015,57.0,Poland,5.835,,,1.3773499999999996,1.618833333333331,0.4830966666666667,0.6576199999999995,,,
2014,60.0,Poland,5.791,,,1.0975307525157927,1.2141346099948884,0.7465105135297777,0.5298492243576052,,,
2012,51.0,Poland,5.822,,,1.5249899999999996,1.1992699999999992,0.59161,0.46684999999999927,,,
2011,53.0,Poland,5.803,,,1.0025389342212674,1.1624441203536984,0.749278480588913,0.5066489401664735,,,
2018,66.0,Portugal,5.693,,,0.7664396492099761,1.0421571044778815,0.5372082496762276,0.470939979071617,,,
2017,77.0,Portugal,5.41,,,1.0806716666666647,0.8904924999999995,0.5102566666666667,0.5763249999999992,,,
2016,89.0,Portugal,5.195,,,0.9442019484949106,0.935645388576189,0.49279528031428627,0.42995169745365786,,,
2015,94.0,Portugal,5.123,,,1.0252565121755595,1.0233991402626041,0.6932781747026442,0.47201568128395105,,,
2014,88.0,Portugal,5.102,,,1.054001611180304,0.907692079286576,0.3643885796403883,0.5830763539695747,,,
2012,85.0,Portugal,5.101,,,1.0698148922586435,0.9558468143939978,0.566485193457603,0.4608755579423909,,,
2011,73.0,Portugal,5.327,,,1.331021999999999,1.224626250000001,0.4330212499999997,0.33614649999999974,,,
2015,15.0,Puerto Rico,7.039,,,2.0524699999999996,1.1767399999999981,0.7708100000000006,0.6293800000000008,,,
2011,27.0,Puerto Rico,6.593,,,1.7808000000000024,1.4646699999999984,0.70504,0.75044,,,
2018,29.0,Qatar,6.374,,,1.0211255145835871,1.214410958423615,0.7062297721433637,0.5308761282038692,,,
2017,32.0,Qatar,6.374,,,1.0211255145835871,1.214410958423615,0.7062297721433637,0.5308761282038692,,,
2016,35.0,Qatar,6.375,,,1.1598829183578483,1.2659846657276157,0.792114200644493,0.5435056443953517,,,
2015,36.0,Qatar,6.375,,,1.1598829183578483,1.2659846657276157,0.792114200644493,0.5435056443953517,,,
2014,28.0,Qatar,6.611,,,1.625117500000002,1.4113766666666663,0.5996966666666661,0.7451874999999998,,,
2012,27.0,Qatar,6.666,,,1.455402062123616,1.5005924981753034,0.887221275898616,0.6187848468669255,,,
2011,31.0,Qatar,6.569,,,1.955756666666664,1.3191599999999992,0.5826433333333343,0.78157,,,
2018,54.0,Republic of Korea,5.895,,,1.3613634312677367,1.2095665146446248,0.6556098402929309,0.5991186595201486,,,
2017,57.0,Republic of Korea,5.875,,,1.4502022705421453,1.4100088931289851,0.6684198504448848,0.6433869287042622,,,
2016,55.0,Republic of Korea,5.838,,,1.201356000000001,1.1673486666666664,0.4538953333333335,0.49450800000000006,,,
2015,58.0,Republic of Korea,5.835,,,1.3773499999999996,1.618833333333331,0.4830966666666667,0.6576199999999995,,,
2014,47.0,Republic of Korea,5.984,,,1.223794656286239,1.1188354369258868,0.5859277370500555,0.6587384034681311,,,
2012,41.0,Republic of Korea,6.267,,,1.6027300000000004,1.324790000000001,0.49778000000000056,0.6435900000000008,,,
2011,56.0,Republic of Korea,5.643,,,1.1801200000000005,1.1138499999999993,0.5044899999999995,0.565379999999999,,,
2018,71.0,Republic of Moldova,5.529,,,1.3487,1.0483600000000015,0.5695800000000001,0.5338799999999996,,,
2017,67.0,Republic of Moldova,5.64,,,1.4298800000000003,1.2934900000000003,0.45120999999999967,0.5168599999999995,,,
2016,56.0,Republic of Moldova,5.838,,,1.201356000000001,1.1673486666666664,0.4538953333333335,0.49450800000000006,,,
2015,55.0,Republic of Moldova,5.897,,,1.5364311679363238,1.2796257838821432,0.4485886817646022,0.5934724921321863,,,
2014,52.0,Republic of Moldova,5.889,,,1.0527321182489393,1.251919056758883,0.7336787485265737,0.5598385336351395,,,
2012,53.0,Republic of Moldova,5.791,,,1.0975307525157927,1.2141346099948884,0.7465105135297777,0.5298492243576052,,,
2011,75.0,Republic of Moldova,5.305,,,1.3349099999999998,0.8499500000000009,0.5211699999999997,0.6053799999999994,,,
2018,48.0,Romania,6.07,,,1.5938199999999998,1.1370499999999995,0.6148299999999997,0.5885299999999998,,,
2017,52.0,Romania,5.945,,,1.5615566666666654,1.427398333333336,0.5369483333333334,0.645828333333333,,,
2016,57.0,Romania,5.825,,,1.178610000000001,1.3759999999999988,0.4564100000000007,0.7198999999999998,,,
2015,71.0,Romania,5.528,,,1.3384399999999999,1.0953700000000015,0.47592000000000034,0.5902499999999994,,,
2014,86.0,Romania,5.124,,,1.0252565121755595,1.0233991402626041,0.6932781747026442,0.47201568128395105,,,
2012,90.0,Romania,5.033,,,1.2421850000000016,0.8963080000000007,0.24143599999999982,0.44375299999999945,,,
2011,80.0,Romania,5.178,,,1.329649999999999,1.033420000000001,0.5354300000000003,0.5974999999999997,,,
2018,68.0,Russian Federation,5.648,,,1.2242439545965211,1.128849865255355,0.48966928186893427,0.5451736574125281,,,
2017,59.0,Russian Federation,5.81,,,1.2175874999999992,1.0832214999999992,0.5744220000000007,0.5103290000000004,,,
2016,49.0,Russian Federation,5.963,,,1.1511200000000015,1.2102999999999984,0.5158699999999997,0.7996800000000001,,,
2015,56.0,Russian Federation,5.856,,,1.3318600000000003,1.1676099999999996,0.6111800000000004,0.6543900000000002,,,
2014,64.0,Russian Federation,5.716,,,0.9703899999999998,0.998309999999999,0.5240999999999995,0.6644500000000009,,,
2012,68.0,Russian Federation,5.464,,,1.4732405,1.3492729999999984,0.5470450000000002,0.5933534999999993,,,
2011,76.0,Russian Federation,5.284,,,1.0170133091036468,0.8724285117085769,0.5670057404454554,0.5502872855949397,,,
2018,152.0,Rwanda,3.334,,,0.6118594976043695,0.7814813668727874,0.3352534150409696,0.5079733231496811,,,
2017,151.0,Rwanda,3.408,,,0.5050499999999993,0.3972200000000003,0.3488999999999999,0.6159700000000005,,,
2016,151.0,Rwanda,3.471,,,1.2119230728882548,0.815256746439933,0.28158677855491654,0.5679997201442718,,,
2015,152.0,Rwanda,3.515,,,0.6443652194765862,0.8160444461137679,0.045338011932849885,0.407032837292989,,,
2014,154.0,Rwanda,3.465,,,1.020003072888255,0.7588267464399331,0.31586677855491635,0.5485997201442726,,,
2012,152.0,Rwanda,3.715,,,0.5078333124780654,0.6306460993146898,0.3792463709664345,0.33238553464412685,,,
2011,132.0,Rwanda,4.204,,,0.4688299999999996,0.5902300000000001,0.2709600000000003,0.2967600000000001,,,
2018,28.0,Saudi Arabia,6.375,,,1.1598829183578483,1.2659846657276157,0.792114200644493,0.5435056443953517,,,
2017,33.0,Saudi Arabia,6.371,,,1.073167591075896,0.9690724881935132,0.4964883344030373,0.6035204910063756,,,
2016,37.0,Saudi Arabia,6.344,,,1.7068546367406845,1.3640157850456243,0.7118657010746001,0.6989039525890341,,,
2015,34.0,Saudi Arabia,6.379,,,1.5437874188041696,1.5482953776073451,0.6659294763565056,0.7932819783592225,,,
2014,35.0,Saudi Arabia,6.411,,,1.5648065706443774,1.4430690022659303,0.638666362733841,0.6990795494174946,,,
2012,33.0,Saudi Arabia,6.48,,,1.9641199999999994,1.084489999999999,0.79747,0.6228699999999988,,,
2011,26.0,Saudi Arabia,6.597,,,1.7590499999999991,1.500930000000001,0.6736499999999995,0.8609400000000013,,,
2018,111.0,Senegal,4.681,,,1.1630573588466657,1.2773551960134486,0.5559336824703223,0.5896947373795509,,,
2017,109.0,Senegal,4.631,,,1.025213007469178,1.0608684637451182,0.31052993431091275,0.3974252199745178,,,
2016,115.0,Senegal,4.535,,,0.9948685714285707,0.8404357142857133,0.45453428571428534,0.45398285714285735,,,
2015,128.0,Senegal,4.219,,,0.7098899999999996,0.6440899999999996,0.31106000000000006,0.37495000000000017,,,
2014,142.0,Senegal,3.904,,,1.0204420000000003,1.101764000000001,0.4716949999999997,0.5973064999999995,,,
2012,147.0,Senegal,3.959,,,1.1644804344344153,0.9556586451196663,0.38332585698485344,0.5021424917078022,,,
2011,125.0,Senegal,4.414,,,1.0623317480516423,0.9091612900447834,0.4656839379525188,0.2862183183503154,,,
2018,70.0,Serbia,5.603,,,0.9544300155448915,1.0123674637222284,0.5623259343910214,0.580998578548432,,,
2017,78.0,Serbia,5.398,,,1.3981149999999984,0.9402874999999993,0.6068399999999996,0.632135,,,
2016,73.0,Serbia,5.395,,,1.4096245138263688,0.9592226602840414,0.627995831060409,0.635160907149315,,,
2015,86.0,Serbia,5.177,,,1.342588181023597,1.034908391227723,0.5536440217113499,0.5871420417284962,,,
2014,87.0,Serbia,5.123,,,1.0252565121755595,1.0233991402626041,0.6932781747026442,0.47201568128395105,,,
2012,106.0,Serbia,4.813,,,0.9318086110019681,1.1426768282699589,0.44230058187961574,0.44328430143356307,,,
2011,118.0,Serbia,4.564,,,0.6616040927362442,1.2171357759094246,0.6063679353618621,0.35206538829565054,,,
2018,129.0,Sierra Leone,4.374,,,0.8658829160054536,0.5146774377543126,0.21167223724619533,0.44359815065511127,,,
2017,113.0,Sierra Leone,4.571,,,0.8291470576763156,1.1492103697776797,0.40641885628700264,0.4308484193801882,,,
2016,106.0,Sierra Leone,4.709,,,0.891548037176133,0.6006243587875374,0.4291467187190055,0.3136715891075131,,,
2015,111.0,Sierra Leone,4.635,,,0.5156422556018828,0.8149413478088385,0.32404245073318433,0.40850391498088845,,,
2014,123.0,Sierra Leone,4.507,,,1.0078475000000011,0.7879324999999987,0.3884749999999996,0.4455900000000009,,,
2012,127.0,Sierra Leone,4.318,,,0.7396290761435034,0.8452119434690476,0.3893405412685872,0.55078092217207,,,
2011,153.0,Sierra Leone,3.586,,,0.6479270856952667,0.45473761026382403,0.35600534056663513,0.44655125154972103,,,
2018,34.0,Singapore,6.262,,,1.40658,1.0322500000000014,0.5049599999999992,0.6258199999999997,,,
2017,34.0,Singapore,6.343,,,1.6949546367406862,1.289815785045624,0.7192157010746004,0.6856039525890345,,,
2016,26.0,Singapore,6.572,,,1.9666533333333305,1.1878099999999998,0.5281066666666675,0.7445599999999994,,,
2015,22.0,Singapore,6.739,,,1.8207900000000012,1.433419999999999,0.6726300000000001,0.7897600000000006,,,
2014,24.0,Singapore,6.798,,,1.8121425926303858,1.440085129785539,0.6067044331502923,0.684838083028793,,,
2012,30.0,Singapore,6.546,,,1.7510334999999986,1.2866155000000001,0.5254774999999995,0.6140934999999994,,,
2011,33.0,Singapore,6.549,,,1.499386666666668,1.0899899999999998,0.5880033333333329,0.6971900000000001,,,
2018,38.0,Slovakia,6.198,,,1.2032849064350146,1.4438828355026256,0.5781579989576351,0.8468751790952677,,,
2017,39.0,Slovakia,6.173,,,1.671452380952381,1.2548675476190487,0.4607437380952383,0.6951970238095235,,,
2016,40.0,Slovakia,6.098,,,1.2032699302037555,1.327999535808563,0.7565911595710118,0.5900728521998724,,,
2015,45.0,Slovakia,6.078,,,1.3042299999999987,1.0104700000000013,0.6236999999999999,0.5170299999999994,,,
2014,45.0,Slovakia,5.995,,,1.2205625125122077,1.2179957030677802,0.6814373663854602,0.49743922718763384,,,
2012,46.0,Slovakia,5.969,,,1.421388321428571,1.1726649642857128,0.5402337500000002,0.6841545357142852,,,
2011,55.0,Slovakia,5.657,,,1.4166435005617168,1.2710985178089123,0.45734210055828073,0.4671802315378186,,,
2018,44.0,Slovenia,6.118,,,1.3118740972518927,0.9071262859916687,0.5705376915931701,0.655601139554977,,,
2017,51.0,Slovenia,5.948,,,1.543549544963838,1.1462698789405832,0.7033502424335485,0.3970498807477951,,,
2016,62.0,Slovenia,5.758,,,1.3333297634315497,1.1672335055446643,0.45604445664405785,0.5238846449995047,,,
2015,63.0,Slovenia,5.768,,,1.3144918182945267,1.0245744896411895,0.6168640329408644,0.49129428419113197,,,
2014,55.0,Slovenia,5.848,,,1.4123499999999987,1.3117200000000002,0.6374800000000006,0.7359099999999996,,,
2012,44.0,Slovenia,6.06,,,1.5527559423732762,1.1865426769351948,0.7292378894090639,0.6253443214249608,,,
2011,49.0,Slovenia,5.922,,,1.2417246827093746,1.1841299900945044,0.7361102645683298,0.6958557397524526,,,
2018,112.0,Somalia,4.668,,,0.8595705622053142,0.6883315086984628,0.4926250964117051,0.3702425549554826,,,
2017,98.0,Somalia,4.982,,,0.8706666908931726,0.9518502234077463,0.2478858149480817,0.41628824271202114,,,
2016,93.0,Somalia,5.151,,,0.7170176376056675,0.8968254189014434,0.4715501573944094,0.5180139811873435,,,
2015,76.0,Somalia,5.44,,,1.760991094255444,1.043205142812727,0.8292051713228216,0.45101921808242723,,,
2015,97.0,Somaliland Region,5.057,,,1.0970829548263539,0.5143184352684018,0.5396045954608912,0.44828909969806646,,,
2014,91.0,Somaliland Region,5.057,,,1.0970829548263539,0.5143184352684018,0.5396045954608912,0.44828909969806646,,,
2012,101.0,Somaliland Region,4.847,,,0.7380171281909944,0.9109065848302812,0.49272583215236687,0.5616679003572463,,,
2011,111.0,Somaliland Region,4.691,,,1.1630573588466657,1.2773551960134486,0.5559336824703223,0.5896947373795509,,,
2018,106.0,South Africa,4.722,,,0.8808379426956183,0.5947311456632621,0.42795919752836215,0.3108157843518254,,,
2017,105.0,South Africa,4.724,,,0.8671302772808072,0.7810903747510914,0.2167996659994124,0.37450008631944676,,,
2016,101.0,South Africa,4.829,,,0.9431531652116777,1.0345973607683185,0.47127920952081687,0.453212272520065,,,
2015,116.0,South Africa,4.459,,,1.1488900000000009,0.9620899999999994,0.35626999999999986,0.4654200000000001,,,
2014,113.0,South Africa,4.642,,,0.8934535839557652,0.7674423719787592,0.3771224945259094,0.6073271016645435,,,
2012,96.0,South Africa,4.963,,,1.2248800000000017,0.7661849999999998,0.36916500000000035,0.4399250000000005,,,
2011,90.0,South Africa,5.101,,,1.0698148922586435,0.9558468143939978,0.566485193457603,0.4608755579423909,,,
2018,156.0,South Sudan,2.853,,,0.7315402050828936,0.5561091614031788,0.3517612124872208,0.1272068120503425,,,
2017,154.0,South Sudan,3.254,,,0.6096500000000009,0.5039999999999998,0.2780600000000002,0.6115799999999999,,,
2016,147.0,South Sudan,3.591,,,0.2774418541812895,0.25471787904739346,0.31488131258964475,0.4685928022050866,,,
2015,143.0,South Sudan,3.832,,,0.8172699999999999,0.49463000000000057,0.36993999999999994,0.5946000000000005,,,
2018,30.0,Spain,6.354,,,1.3283422530698785,1.4436916895103444,0.6505249015522007,0.861785709295273,,,
2017,36.0,Spain,6.31,,,1.3146807813301091,1.089349929676056,0.6820946535968779,0.6127289779605865,,,
2016,34.0,Spain,6.403,,,1.6380034167718864,1.3764185109138476,0.6886833870267857,0.4614158157515529,,,
2015,37.0,Spain,6.361,,,1.5305326248168967,1.5099638845729821,0.6983774023056029,0.7458850071907055,,,
2014,36.0,Spain,6.329,,,1.239064483960561,1.1662259707249227,0.5287556833400724,0.6548468941394264,,,
2012,38.0,Spain,6.322,,,1.5258499620389943,1.292869961929323,0.7101914750909802,0.5393557137393951,,,
2011,22.0,Spain,6.761,,,1.7969302657890318,1.4745291384887684,0.5392908404827123,0.6309347806167603,,,
2018,120.0,Sri Lanka,4.366,,,1.188366666666668,0.968487333333333,0.5074093333333325,0.5293246666666674,,,
2017,116.0,Sri Lanka,4.471,,,0.7199200000000004,0.8070400000000011,0.24695000000000042,0.4332300000000003,,,
2016,120.0,Sri Lanka,4.44,,,1.2634130473651468,1.200104886803628,0.3941430178711809,0.5165249349153048,,,
2015,117.0,Sri Lanka,4.415,,,1.059235122334956,0.9100645639896381,0.4690370545911792,0.28630514390707046,,,
2014,132.0,Sri Lanka,4.271,,,0.5804699999999997,0.6756500000000009,0.30100999999999944,0.5116499999999998,,,
2012,137.0,Sri Lanka,4.151,,,0.9860033907651896,0.9094714881610869,0.5921005784702301,0.3933987718510627,,,
2011,130.0,Sri Lanka,4.26,,,0.6149399999999997,0.6356500000000009,0.28298999999999963,0.4510099999999997,,,
2018,110.0,State of Palestine,4.696,,,1.1655673588466657,1.2772751960134487,0.5583436824703223,0.5886247373795509,,,
2017,104.0,State of Palestine,4.743,,,1.2767451223373392,0.8716970759010308,0.5774280979442588,0.27134666081428505,,,
2016,103.0,State of Palestine,4.775,,,0.7934130354022979,1.093203584251403,0.6518204979085924,0.24746652597427363,,,
2015,108.0,State of Palestine,4.754,,,0.46718627840995774,0.8116092932415007,0.2953453551578521,0.40327366233944906,,,
2014,108.0,State of Palestine,4.715,,,0.891548037176133,0.6006243587875374,0.4291467187190055,0.3136715891075131,,,
2012,113.0,State of Palestine,4.7,,,1.1907852481555954,1.1741715378570543,0.48083714539527944,0.5562015161657332,,,
2011,120.0,State of Palestine,4.555,,,0.8665991323339949,0.7332369304275502,0.24698255647659323,0.5032160916852957,,,
2017,137.0,Sudan,4.139,,,0.8390580777025224,0.7330133022594457,0.30067137534141564,0.3747737941622735,,,
2016,130.0,Sudan,4.139,,,0.8390580777025224,0.7330133022594457,0.30067137534141564,0.3747737941622735,,,
2015,133.0,Sudan,4.139,,,0.8390580777025224,0.7330133022594457,0.30067137534141564,0.3747737941622735,,,
2014,118.0,Sudan,4.55,,,1.0982882891346155,0.9224108253696989,0.36234581717218683,0.422810205473673,,,
2012,124.0,Sudan,4.401,,,0.8066874268674852,0.904551677064897,0.12796156718730906,0.376488605563641,,,
2011,124.0,Sudan,4.424,,,0.7265951223349566,0.9119545639896381,0.32350705459117873,0.5112151439070696,,,
2015,40.0,Suriname,6.269,,,1.4749300000000023,1.264940000000002,0.5306300000000008,0.6683400000000007,,,
2014,40.0,Suriname,6.269,,,1.4749300000000023,1.264940000000002,0.5306300000000008,0.6683400000000007,,,
2012,40.0,Suriname,6.269,,,1.4749300000000023,1.264940000000002,0.5306300000000008,0.6683400000000007,,,
2018,135.0,Swaziland,4.212,,,0.6433300000000004,0.5857199999999994,0.3053500000000003,0.3915300000000002,,,
2014,101.0,Swaziland,4.867,,,1.1832551666666646,0.8903079999999991,0.44294833333333294,0.5491386666666669,,,
2012,100.0,Swaziland,4.867,,,1.1832551666666646,0.8903079999999991,0.44294833333333294,0.5491386666666669,,,
2018,7.0,Sweden,7.343,,,1.8303194090652435,1.5082439080810566,0.7481488184356685,0.7944319080543516,,,
2017,9.0,Sweden,7.314,,,1.9493300000000011,1.512359999999999,0.6156399999999994,0.7567100000000001,,,
2016,10.0,Sweden,7.284,,,1.405909062538149,1.252634247570036,0.7903736448955524,0.7216032159900666,,,
2015,10.0,Sweden,7.291,,,1.3666600274086005,1.429429222259522,0.9551514458179463,0.6440524695873261,,,
2014,8.0,Sweden,7.364,,,1.743121761331556,1.1998473851013198,0.8119935230445858,0.6110848850679396,,,
2012,5.0,Sweden,7.48,,,1.7047942708015433,1.501764884099959,0.7024393114757527,0.5988638994884498,,,
2011,7.0,Sweden,7.379,,,1.8530299999999997,1.1921199999999987,0.7941399999999991,0.7188799999999992,,,
2018,6.0,Switzerland,7.48,,,1.7047942708015433,1.501764884099959,0.7024393114757527,0.5988638994884498,,,
2017,5.0,Switzerland,7.487,,,1.5078664311122894,1.496104299783706,0.9170846568584433,0.6493856829786303,,,
2016,4.0,Switzerland,7.494,,,1.442931672296524,1.4927094227981563,0.9887011677169792,0.6668727952051163,,,
2015,2.0,Switzerland,7.509,,,1.850305369815828,1.3397905219554898,0.8646239833164223,0.6924455720806124,,,
2014,1.0,Switzerland,7.587,,,1.9036277425003072,1.5012840340709694,0.6026553318500515,0.7458895447015764,,,
2012,3.0,Switzerland,7.65,,,1.5233965402889256,1.4146919810295093,0.90061616806984,0.6827259330272676,,,
2011,6.0,Switzerland,7.499,,,1.3894905824947361,1.527382715320587,0.9907177811241145,0.6704739216756821,,,
2018,149.0,Syria,3.462,,,1.020003072888255,0.7588267464399331,0.31586677855491635,0.5485997201442726,,,
2017,150.0,Syria,3.462,,,1.020003072888255,0.7588267464399331,0.31586677855491635,0.5485997201442726,,,
2016,152.0,Syria,3.462,,,1.020003072888255,0.7588267464399331,0.31586677855491635,0.5485997201442726,,,
2015,156.0,Syria,3.069,,,0.7401700000000011,0.5908999999999995,0.18360999999999994,0.4170200000000001,,,
2014,156.0,Syria,3.006,,,0.894520000000001,0.6662699999999997,0.3460400000000005,0.47584000000000004,,,
2012,148.0,Syria,3.892,,,1.2020246666666672,1.0519693333333349,0.5422133333333332,0.7021176666666661,,,
2011,107.0,Syria,4.735,,,0.7870526342344282,0.9139447522735593,0.37355030568838093,0.35412962578535084,,,
2018,25.0,Taiwan Province of China,6.446,,,1.803366666666667,1.2305066666666644,0.6863600000000002,0.5668100000000006,,,
2017,26.0,Taiwan Province of China,6.441,,,1.2980903014945993,1.4156835483360295,0.7745130640888216,0.5850662663936618,,,
2016,33.0,Taiwan Province of China,6.422,,,1.70441,1.5148200000000014,0.7144799999999996,0.68993,,,
2015,35.0,Taiwan Province of China,6.379,,,1.5437874188041696,1.5482953776073451,0.6659294763565056,0.7932819783592225,,,
2014,38.0,Taiwan Province of China,6.298,,,1.6725634250640868,1.3380769437408455,0.5945737228775019,0.6285079823684688,,,
2012,42.0,Taiwan Province of China,6.221,,,1.6791302179696215,1.3380161626422518,0.6875471116837549,0.597573728473777,,,
2011,46.0,Taiwan Province of China,5.988,,,1.1779848288726806,1.0507212649726856,0.613429289441108,0.5764510062527651,,,
2018,74.0,Tajikistan,5.467,,,1.5471631666666652,0.9977023333333342,0.6855450000000011,0.5355355000000008,,,
2017,80.0,Tajikistan,5.352,,,0.784164667367935,1.1282523356437677,0.6832537978744506,0.6222649015712737,,,
2016,96.0,Tajikistan,5.041,,,0.7034,0.291244,0.24879200000000018,0.45622133333333353,,,
2015,100.0,Tajikistan,4.996,,,0.6642618183612826,0.6959866507911693,0.38488762878894817,0.4455327688169479,,,
2014,106.0,Tajikistan,4.786,,,0.7760565383625034,0.897460221376419,0.44549506788253773,0.37740229122877106,,,
2012,125.0,Tajikistan,4.38,,,0.7609036978340145,0.6938064713859567,0.2882436963224408,0.6326242896652218,,,
2011,115.0,Tajikistan,4.614,,,1.4158599999999992,0.9323699999999998,0.44975999999999944,0.18906000000000006,,,
2018,153.0,Tanzania,3.231,,,0.6488700000000013,0.626070000000001,0.2144000000000001,0.4477800000000005,,,
2017,153.0,Tanzania,3.303,,,0.4673121863198278,0.8529028919696809,0.36352285297870646,0.43448581569433203,,,
2016,153.0,Tanzania,3.349,,,0.8317892550921436,0.8494298046827311,0.2745636657238004,0.5169058565950395,,,
2015,149.0,Tanzania,3.666,,,0.4483265226984026,0.8741268053627035,0.230255658406019,0.3592508569383624,,,
2014,146.0,Tanzania,3.781,,,0.8466299999999992,0.620683010854722,0.3790185134029388,0.6593659623622902,,,
2012,151.0,Tanzania,3.77,,,0.9194100000000014,0.874481505427361,0.09087425670146956,0.41086798118114465,,,
2011,149.0,Tanzania,3.8,,,0.9442499999999987,0.8931300000000012,0.4188700000000004,0.7735400000000001,,,
2018,52.0,Thailand,6.008,,,0.9668020593833921,1.3080695647811889,0.591958847255707,0.665002309894562,,,
2017,46.0,Thailand,6.072,,,1.5843799999999997,1.1236099999999998,0.6175499999999995,0.5698099999999997,,,
2016,32.0,Thailand,6.424,,,1.65268,1.4700900000000017,0.6975799999999999,0.6884,,,
2015,33.0,Thailand,6.474,,,1.681030000000001,1.1804700000000015,0.7020049999999993,0.6145499999999997,,,
2014,34.0,Thailand,6.455,,,1.6030739378700258,1.2969064967460628,0.5550769097137451,0.6620535572066306,,,
2012,36.0,Thailand,6.371,,,1.073167591075896,0.9690724881935132,0.4964883344030373,0.6035204910063756,,,
2011,52.0,Thailand,5.804,,,1.0025389342212674,1.1624441203536984,0.749278480588913,0.5066489401664735,,,
2018,139.0,Togo,4.085,,,0.7259200000000002,0.9133000000000009,0.25385000000000013,0.45583000000000035,,,
2017,139.0,Togo,3.999,,,0.9133200000000009,0.8637200000000004,0.17121000000000014,0.46314000000000055,,,
2016,150.0,Togo,3.495,,,0.7839131365887329,0.6179675103632601,0.20504971865574517,0.4919285156424839,,,
2015,155.0,Togo,3.303,,,0.4673121863198278,0.8529028919696809,0.36352285297870646,0.43448581569433203,,,
2014,158.0,Togo,2.839,,,0.7734602050828936,0.5458991614031787,0.37636121248722093,0.10748681205034252,,,
2012,156.0,Togo,2.936,,,1.2013808297419544,0.5674427850580208,0.5016780903303625,0.20984609253942996,,,
2011,156.0,Togo,3.007,,,0.894520000000001,0.6662699999999997,0.3460400000000005,0.47584000000000004,,,
2018,39.0,Trinidad and Tobago,6.192,,,1.191427742710113,1.4184422573089577,0.6508537050533298,0.6714373005580899,,,
2017,38.0,Trinidad and Tobago,6.192,,,1.191427742710113,1.4184422573089577,0.6508537050533298,0.6714373005580899,,,
2016,38.0,Trinidad and Tobago,6.168,,,1.2902094180531716,1.02839105722064,0.6450829395827786,0.5779309242039633,,,
2015,43.0,Trinidad and Tobago,6.168,,,1.2902094180531716,1.02839105722064,0.6450829395827786,0.5779309242039633,,,
2014,41.0,Trinidad and Tobago,6.168,,,1.2902094180531716,1.02839105722064,0.6450829395827786,0.5779309242039633,,,
2012,31.0,Trinidad and Tobago,6.519,,,1.9822519999999995,1.2194035000000003,0.6716979999999996,0.6802280000000006,,,
2011,38.0,Trinidad and Tobago,6.263,,,1.39863,1.0214500000000015,0.5046599999999993,0.6436699999999997,,,
2018,124.0,Tunisia,4.461,,,0.9570900000000008,1.1174299999999993,0.36982000000000026,0.5919799999999996,,,
2017,111.0,Tunisia,4.592,,,0.9154930719184865,0.6404662204360966,0.5813050207138069,0.31166444290161127,,,
2016,102.0,Tunisia,4.805,,,0.9001581466197967,0.9956560921955112,0.4084661267852782,0.4981098066043852,,,
2015,98.0,Tunisia,5.045,,,0.6290999999999998,0.255504,0.25337200000000026,0.47504133333333365,,,
2014,107.0,Tunisia,4.739,,,1.2829623320770245,0.8821033801269524,0.5682614620470993,0.27152815328121166,,,
2012,104.0,Tunisia,4.826,,,0.9431531652116777,1.0345973607683185,0.47127920952081687,0.453212272520065,,,
2011,87.0,Tunisia,5.141,,,0.9825010074329384,0.6426557861709601,0.37109758779525714,0.5962921650934221,,,
2018,79.0,Türkiye,5.373,,,1.4266099999999997,1.0895183333333316,0.5995416666666672,0.5592383333333337,,,
2017,74.0,Türkiye,5.483,,,1.2128885213877352,1.018882102129619,0.6251667906201676,0.6013518025137587,,,
2016,69.0,Türkiye,5.5,,,1.4051427806091306,1.467922567863466,0.6462726030635828,0.6153820728302005,,,
2015,78.0,Türkiye,5.389,,,1.2376876780891413,1.0316612364768956,0.6975464110374456,0.6142784265804293,,,
2014,76.0,Türkiye,5.332,,,1.2486879999999996,1.0953856547619047,0.4544287500000004,0.49943826190476126,,,
2012,77.0,Türkiye,5.345,,,0.9119294952481125,0.7359490809853878,0.4122832447315396,0.5364457366891131,,,
2011,78.0,Türkiye,5.234,,,0.7762996543264387,0.6927803801441194,0.24427791628837578,0.43621786643981947,,,
2018,87.0,Turkmenistan,5.247,,,1.3966228324270256,1.0267918178319944,0.4161282753753668,0.5194336759638789,,,
2017,68.0,Turkmenistan,5.636,,,1.42204,1.29327,0.45296999999999976,0.5262399999999995,,,
2016,59.0,Turkmenistan,5.822,,,1.5249899999999996,1.1992699999999992,0.59161,0.46684999999999927,,,
2015,65.0,Turkmenistan,5.658,,,1.4166435005617168,1.2710985178089123,0.45734210055828073,0.4671802315378186,,,
2014,70.0,Turkmenistan,5.548,,,1.3505792786788922,1.1251639121913914,0.6846387247991561,0.4412737302637103,,,
2012,59.0,Turkmenistan,5.628,,,1.4201975038862227,1.2605993659305559,0.477398983597755,0.5719271446371073,,,
2011,32.0,Turkmenistan,6.568,,,1.952274166666665,1.4373674999999992,0.7638508333333344,0.8195074999999998,,,
2018,136.0,Uganda,4.189,,,0.4004740584039688,0.7460008187198635,0.41494179620265975,0.36970759095430383,,,
2017,135.0,Uganda,4.161,,,0.5617883020877842,0.9000035870838174,0.39245425682067897,0.2754318872416023,,,
2016,133.0,Uganda,4.081,,,0.6225299999999993,0.6996899999999999,0.24423000000000034,0.4738000000000004,,,
2015,146.0,Uganda,3.739,,,0.6741940656757361,0.46252028128624006,0.3404620038270955,0.4353678509807585,,,
2014,141.0,Uganda,3.931,,,0.5077405000554719,0.860518150255521,0.25516525289734215,0.5309225549084344,,,
2012,120.0,Uganda,4.443,,,1.2685530473651467,1.199294886803628,0.3942030178711809,0.5142549349153048,,,
2011,128.0,Uganda,4.313,,,0.5841936498641964,0.7978397832536696,0.35348273768544203,0.5140203332567217,,,
2018,133.0,Ukraine,4.332,,,0.9001016470336914,1.0493816577148423,0.6964484957885746,0.5118197756958006,,,
2017,138.0,Ukraine,4.103,,,0.44514999999999977,0.3780599999999999,0.2404599999999997,0.3168700000000006,,,
2016,132.0,Ukraine,4.096,,,0.6802299999999997,0.8591200000000004,0.24583999999999992,0.4082800000000005,,,
2015,123.0,Ukraine,4.324,,,0.9589344209218014,0.8945133971357333,0.5698736591804037,0.554072801661491,,,
2014,111.0,Ukraine,4.681,,,1.1630573588466657,1.2773551960134486,0.5559336824703223,0.5896947373795509,,,
2012,87.0,Ukraine,5.057,,,1.0970829548263539,0.5143184352684018,0.5396045954608912,0.44828909969806646,,,
2011,91.0,Ukraine,5.089,,,0.8419458046436319,0.8196126450443263,0.370958955349922,0.49360424821853705,,,
2018,21.0,United Arab Emirates,6.825,,,1.7372299999999976,1.5168599999999985,0.6352099999999994,0.7371199999999999,,,
2017,20.0,United Arab Emirates,6.774,,,1.6007221118354789,1.6089895037746424,0.7071595469856269,0.7946970015239704,,,
2016,21.0,United Arab Emirates,6.648,,,1.6549016666666674,1.0151166666666658,0.6420243333333334,0.6831873333333333,,,
2015,28.0,United Arab Emirates,6.573,,,1.965909999999997,1.1789699999999999,0.5338300000000008,0.7345199999999994,,,
2014,20.0,United Arab Emirates,6.901,,,1.8582300000000016,1.4358600000000012,0.6810199999999997,0.7149800000000001,,,
2012,14.0,United Arab Emirates,7.144,,,1.4735917316532139,1.0619531096553794,0.7832247650623317,0.5737529529476172,,,
2011,17.0,United Arab Emirates,6.977,,,1.8366799999999999,1.2880000000000016,0.6292899999999999,0.6616299999999995,,,
2018,15.0,United Kingdom,7.054,,,1.8796700000000022,1.4214799999999999,0.7142299999999997,0.7456300000000001,,,
2017,19.0,United Kingdom,6.814,,,1.7780099999999988,1.4821399999999998,0.6619599999999994,0.6336900000000008,,,
2016,19.0,United Kingdom,6.714,,,1.48466,1.4951100000000002,0.5809999999999992,0.8910500000000006,,,
2015,23.0,United Kingdom,6.725,,,1.8951099999999972,1.4534999999999991,0.5824200000000005,0.6366699999999991,,,
2014,21.0,United Kingdom,6.867,,,1.5341725153923027,1.4462301042556773,0.8339687125492093,0.5777893607950212,,,
2012,22.0,United Kingdom,6.883,,,1.9568117610009517,1.573823442541758,0.7301790114927291,0.8076847208730384,,,
2011,18.0,United Kingdom,6.936,,,1.7865881576347364,1.515315138835908,0.844576521539688,0.797907654285431,,,
2018,19.0,United States,6.892,,,1.9172280000000013,1.42224,0.5553600000000006,0.6375920000000005,,,
2017,18.0,United States,6.886,,,1.9568117610009517,1.573823442541758,0.7301790114927291,0.8076847208730384,,,
2016,14.0,United States,6.993,,,1.6014700000000008,1.426460000000001,0.5957499999999996,0.7927799999999999,,,
2015,13.0,United States,7.104,,,1.6005387493451453,1.1886350244108825,0.7235498881292345,0.6444525077231736,,,
2014,15.0,United States,7.119,,,1.4607754852701829,1.4107978554890954,0.8618437883834837,0.7347616028086343,,,
2012,17.0,United States,7.082,,,1.528135168104173,1.1932557581806174,0.821974591732025,0.5991111604738244,,,
2011,11.0,United States,7.27,,,1.4975457107543946,1.237908898506163,0.7633386705589282,0.7342273775672916,,,
2018,33.0,Uruguay,6.293,,,1.4277333562660233,1.1067129859352094,0.5836509307193758,0.5988069955921168,,,
2017,31.0,Uruguay,6.379,,,1.5437874188041696,1.5482953776073451,0.6659294763565056,0.7932819783592225,,,
2016,28.0,Uruguay,6.454,,,1.6112039378700258,1.3003464967460627,0.5581769097137452,0.6612335572066307,,,
2015,29.0,Uruguay,6.545,,,1.7510334999999986,1.2866155000000001,0.5254774999999995,0.6140934999999994,,,
2014,32.0,Uruguay,6.485,,,1.5899297142857147,1.008567095238094,0.795512714285715,0.47491357142857105,,,
2012,37.0,Uruguay,6.355,,,1.4329100000000004,1.477339999999999,0.6379900000000006,0.8836800000000001,,,
2011,50.0,Uruguay,5.898,,,1.4984299999999997,1.245300000000002,0.40459999999999946,0.6098099999999994,,,
2018,41.0,Uzbekistan,6.174,,,1.671452380952381,1.2548675476190487,0.4607437380952383,0.6951970238095235,,,
2017,44.0,Uzbekistan,6.096,,,1.2089799302037556,1.326479535808563,0.7601211595710119,0.5852628521998724,,,
2016,47.0,Uzbekistan,5.971,,,0.9016887499999992,0.9888262499999998,0.5980587499999994,0.5917012499999992,,,
2015,49.0,Uzbekistan,5.987,,,1.197034949235916,1.0526306320953356,0.6023262955093377,0.5864029015064234,,,
2014,44.0,Uzbekistan,6.003,,,1.2971408213949192,1.4725962538909938,0.6362647449159635,0.6833146346020703,,,
2012,60.0,Uzbekistan,5.623,,,1.3183175038862212,1.335279365930557,0.4661789835977555,0.796307144637108,,,
2011,79.0,Uzbekistan,5.225,,,0.7666946152174475,0.6642460948991775,0.2626384609484673,0.4947634280931956,,,
2018,108.0,Venezuela,4.707,,,0.891548037176133,0.6006243587875374,0.4291467187190055,0.3136715891075131,,,
2017,102.0,Venezuela,4.806,,,0.9001581466197967,0.9956560921955112,0.4084661267852782,0.4981098066043852,,,
2016,82.0,Venezuela,5.25,,,1.4534100000000003,1.0973640000000016,0.44544200000000067,0.5081620000000002,,,
2015,44.0,Venezuela,6.084,,,1.5805249760532378,1.1546844666290297,0.6590185834121702,0.49570099553108177,,,
2014,23.0,Venezuela,6.81,,,1.8052999999999984,1.5096900000000004,0.787889999999999,0.77619,,,
2012,20.0,Venezuela,7.039,,,2.0524699999999996,1.1767399999999981,0.7708100000000006,0.6293800000000008,,,
2011,19.0,Venezuela,6.922,,,1.8644925648021684,1.3371600668811805,0.6891995114851011,0.6620421203517902,,,
2018,94.0,Viet Nam,5.175,,,1.336048181023597,1.0350883912277231,0.5528640217113499,0.5794920417284962,,,
2017,95.0,Viet Nam,5.103,,,1.0587353900814043,0.9097699945068366,0.3595076104211805,0.5857258125805863,,,
2016,94.0,Viet Nam,5.074,,,0.49643999999999977,0.4798300000000006,0.22254000000000027,0.4889199999999994,,,
2015,96.0,Viet Nam,5.061,,,1.130531931896209,0.5207673431301117,0.5129112765169139,0.4979758610272402,,,
2014,75.0,Viet Nam,5.36,,,1.0648001620149605,1.107008224172593,0.4292147396659846,0.4936719131040573,,,
2012,63.0,Viet Nam,5.533,,,1.29373395439148,0.9280171309661874,0.70515996772766,0.5059808578491207,,,
2011,65.0,Viet Nam,5.425,,,1.7342591666666647,1.0302812499999983,0.7876366666666661,0.4661324999999994,,,
2018,151.0,Yemen,3.38,,,1.1508099999999981,0.8752199999999989,0.24299000000000004,0.58248,,,
2017,152.0,Yemen,3.355,,,0.8801649875855442,0.893242172455787,0.23512533726692184,0.5162970676755906,,,
2016,146.0,Yemen,3.593,,,0.2774418541812895,0.25471787904739346,0.31488131258964475,0.4685928022050866,,,
2015,147.0,Yemen,3.724,,,0.5003133124780654,0.61032609931469,0.3862063709664345,0.32718553464412686,,,
2014,136.0,Yemen,4.077,,,0.6590099999999994,0.7162500000000002,0.25279000000000035,0.49292000000000047,,,
2012,142.0,Yemen,4.054,,,0.9786999999999989,0.6488699999999993,0.3172300000000002,0.6592400000000002,,,
2011,123.0,Yemen,4.454,,,1.2240000000000004,1.0150399999999997,0.3733799999999996,0.4727400000000002,,,
2018,138.0,Zambia,4.107,,,0.4775099999999999,0.3709199999999999,0.25103999999999965,0.3196300000000005,,,
2017,125.0,Zambia,4.377,,,0.8324575250911721,0.4281744209384919,0.30440250770807237,0.4728543311500551,,,
2016,116.0,Zambia,4.514,,,1.1308253333333338,0.577335999999999,0.4997440000000001,0.390766,,,
2015,106.0,Zambia,4.795,,,0.9596613071107862,0.5760278470134726,0.4343137873387334,0.5869118287980554,,,
2014,85.0,Zambia,5.129,,,0.9447417237854028,1.0008919565963752,0.657056059360504,0.3183013653469086,,,
2012,91.0,Zambia,5.006,,,0.8226098138554891,0.904662078113557,0.5688427581787109,0.285214070166747,,,
2011,109.0,Zambia,4.705,,,0.891548037176133,0.6006243587875374,0.4291467187190055,0.3136715891075131,,,
2018,146.0,Zimbabwe,3.663,,,0.4483265226984026,0.8741268053627035,0.230255658406019,0.3592508569383624,,,
2017,144.0,Zimbabwe,3.692,,,0.7689487542343132,0.739973708381653,0.2719293384361266,0.5492338013076782,,,
2016,138.0,Zimbabwe,3.875,,,1.0633180000000002,0.4938060000000001,0.4976600000000001,0.6964759999999999,,,
2015,131.0,Zimbabwe,4.193,,,0.6631730705690392,0.9046729272174845,0.31697388164043455,0.35700012912988605,,,
2014,115.0,Zimbabwe,4.61,,,0.92332,0.5923700000000001,0.41714999999999974,0.2823599999999999,,,
2012,103.0,Zimbabwe,4.827,,,0.9431531652116777,1.0345973607683185,0.47127920952081687,0.453212272520065,,,
2011,142.0,Zimbabwe,3.978,,,1.1837524153041854,0.9487593978309624,0.3792881586599347,0.48014110742569005,,,
2024,,,7.736,,,1.749,1.783,0.824,0.986,,0.11,0.502
2023,,,1.721,,,0.628,0.0,0.242,0.0,,0.091,0.088
2022,,,1.859,,,0.645,0.0,0.087,0.0,,0.093,0.059
2021,,,2.404,,,0.758,0.0,0.289,0.0,,0.089,0.005
2020,,,2.523,,,0.37,0.0,0.126,0.0,,0.122,0.01
2019,,,2.56690001487732,,,0.300705850124359,0.356433838605881,0.266051530838013,0.0,,0.135234713554382,0.00122578535228968
2024,,,7.521,,,1.825,1.748,0.82,0.955,,0.15,0.488
2023,,,5.304,,,1.438,0.924,0.638,0.69,,0.138,0.049
2022,,,5.277,,,1.449,0.951,0.48,0.549,,0.133,0.037
2021,,,5.199,,,1.439,0.646,0.719,0.511,,0.138,0.028
2020,,,5.117,,,1.008,0.529,0.646,0.491,,0.168,0.024
2019,,,4.88269996643066,,,0.906653046607971,0.830483913421631,0.846329629421234,0.46194589138031,,0.171027764678001,0.0253612846136093
2024,,,7.515,,,1.799,1.84,0.873,0.971,,0.201,0.173
2023,,,5.364,,,1.324,1.191,0.568,0.247,,0.091,0.2
2022,,,5.329,,,1.353,1.298,0.409,0.252,,0.073,0.152
2021,,,5.122,,,1.363,0.97,0.643,0.146,,0.106,0.15
2020,,,4.887,,,0.946,0.765,0.552,0.119,,0.144,0.12
2019,,,5.00509977340698,,,0.943856000900269,1.14300358295441,0.745418548583984,0.0839437991380692,,0.118915013968945,0.129190653562546
2024,,,7.345,,,1.783,1.698,0.889,0.952,,0.17,0.467
2023,,,6.188,,,1.562,1.381,0.585,0.681,,0.087,0.08
2022,,,6.024,,,1.59,1.388,0.427,0.587,,0.088,0.082
2021,,,5.967,,,1.592,1.102,0.662,0.555,,0.081,0.085
2020,,,5.929,,,1.162,0.98,0.646,0.544,,0.069,0.067
2019,,,5.97469997406006,,,1.02846562862396,1.37254369258881,0.849773705005646,0.520840346813202,,0.0701004713773727,0.0604150593280792
2024,,,7.306,,,1.822,1.667,0.844,0.86,,0.186,0.344
2023,,,5.455,,,1.444,1.154,0.603,0.65,,0.051,0.173
2022,,,5.342,,,1.466,1.134,0.443,0.551,,0.053,0.16
2021,,,5.399,,,1.434,0.82,0.668,0.558,,0.054,0.21
2020,,,5.283,,,0.996,0.758,0.585,0.54,,0.079,0.198
2019,,,4.67679977416992,,,0.808262407779694,1.03457689285278,0.775857269763947,0.378075808286667,,0.107225738465786,0.104618184268475
2024,,,7.274,,,1.492,1.6,0.68,0.948,,0.067,0.118
2023,,,7.057,,,1.854,1.461,0.692,0.756,,0.225,0.323
2022,,,7.095,,,1.899,1.497,0.532,0.677,,0.242,0.31
2021,,,7.162,,,1.9,1.203,0.772,0.676,,0.258,0.341
2020,,,7.183,,,1.453,1.076,0.801,0.647,,0.291,0.317
2019,,,7.22279977798462,,,1.31039643287659,1.47714626789093,1.02260768413544,0.621877193450928,,0.324973613023758,0.33599641919136
2024,,,7.262,,,1.902,1.711,0.863,0.962,,0.168,0.425
2023,,,6.905,,,1.885,1.336,0.696,0.703,,0.214,0.305
2022,,,7.097,,,1.927,1.382,0.535,0.63,,0.191,0.31
2021,,,7.163,,,1.931,1.165,0.774,0.623,,0.193,0.329
2020,,,7.268,,,1.492,1.062,0.782,0.64,,0.215,0.292
2019,,,7.29419994354248,,,1.31728553771973,1.43744492530823,1.00093352794647,0.603368878364563,,0.25550976395607,0.281256139278412
2024,,,7.234,,,1.695,1.743,0.824,0.74,,0.144,0.193
2023,,,4.893,,,1.433,0.876,0.496,0.668,,0.112,0.199
2021,,,5.173,,,1.458,1.093,0.56,0.601,,0.023,0.341
2020,,,5.171,,,1.025,0.841,0.541,0.526,,0.043,0.276
2019,,,5.16480016708374,,,0.990272700786591,1.18061304092407,0.731134057044983,0.467734724283218,,0.0401132144033909,0.247307181358337
2024,,,7.122,,,2.028,1.558,0.864,0.931,,0.117,0.397
2022,,,6.173,,,1.883,1.269,0.389,0.748,,0.199,0.138
2021,,,6.647,,,1.854,1.029,0.625,0.693,,0.199,0.155
2020,,,6.647,,,1.409,0.899,0.662,0.661,,0.246,0.139
2019,,,6.22730016708374,,,1.29669225215912,1.31532371044159,0.838836371898651,0.610399901866913,,0.287453711032867,0.12669725716114
2024,,,6.979,,,1.435,1.504,0.55,0.879,,0.057,0.118
2023,,,3.886,,,1.122,0.249,0.513,0.775,,0.14,0.167
2022,,,4.282,,,1.133,0.513,0.355,0.617,,0.139,0.165
2021,,,5.155,,,1.06,0.614,0.581,0.622,,0.125,0.187
2020,,,5.025,,,0.635,0.52,0.514,0.603,,0.161,0.164
2019,,,4.83279991149902,,,0.556156277656555,0.868800580501556,0.694940507411957,0.604130566120148,,0.176745116710663,0.176735907793045
2021,,,5.821,,,1.562,1.157,0.629,0.342,,0.04,0.282
2020,,,5.534,,,1.124,1.007,0.56,0.326,,0.07,0.199
2019,,,5.5398998260498,,,1.01885449886322,1.38713932037354,0.75258857011795,0.290755867958069,,0.0899330601096153,0.193607434630394
2024,,,6.974,,,1.767,1.647,0.841,0.857,,0.164,0.285
2023,,,6.894,,,1.868,1.44,0.69,0.729,,0.17,0.311
2022,,,6.859,,,1.907,1.449,0.528,0.59,,0.137,0.273
2021,,,6.805,,,1.907,1.106,0.764,0.492,,0.049,0.204
2020,,,6.834,,,1.463,0.998,0.747,0.489,,0.088,0.187
2019,,,6.86350011825562,,,1.29584276676178,1.39867758750916,0.964901149272919,0.499805420637131,,0.146966159343719,0.208724051713943
2024,,,6.952,,,1.698,1.712,0.815,0.861,,0.167,0.429
2024,,,6.935,,,1.87,1.622,0.883,0.889,,0.156,0.468
2023,,,4.377,,,0.914,0.128,0.284,0.567,,0.112,0.252
2022,,,4.374,,,0.924,0.242,0.124,0.481,,0.114,0.253
2021,,,4.623,,,0.932,0.064,0.335,0.479,,0.127,0.23
2020,,,5.045,,,0.507,0.058,0.196,0.457,,0.166,0.178
2019,,,5.21600008010864,,,0.366244703531265,0.352428436279297,0.328062951564789,0.405839890241623,,0.196670427918434,0.12593187391758
2024,,,6.91,,,1.783,1.646,0.852,0.895,,0.119,0.306
2023,,,5.784,,,1.217,1.179,0.488,0.719,,0.1,0.061
2022,,,5.684,,,1.24,1.187,0.329,0.648,,0.103,0.06
2021,,,5.6,,,1.256,0.88,0.555,0.627,,0.112,0.064
2020,,,5.716,,,0.842,0.782,0.486,0.6,,0.138,0.064
2019,,,5.74749994277954,,,0.730976343154907,1.14235055446625,0.662445664405823,0.574464499950409,,0.138375073671341,0.0729426369071007
2024,,,6.889,,,1.988,1.659,0.823,0.906,,0.179,0.382
2023,,,5.877,,,1.465,1.318,0.587,0.621,,0.246,0.0
2022,,,5.633,,,1.467,1.361,0.429,0.485,,0.247,0.008
2021,,,5.768,,,1.468,1.068,0.665,0.448,,0.244,0.006
2020,,,5.813,,,1.032,0.919,0.618,0.395,,0.261,0.005
2019,,,5.67409992218018,,,0.918395459651947,1.20398652553558,0.813928186893463,0.305365741252899,,0.264005243778229,0.00117248704191297
2024,,,6.829,,,1.684,1.699,0.592,0.702,,0.031,0.123
2023,,,3.383,,,1.445,0.969,0.241,0.567,,0.014,0.082
2022,,,3.435,,,1.471,1.041,0.087,0.48,,0.021,0.071
2021,,,3.471,,,1.503,0.815,0.28,0.571,,0.012,0.102
2020,,,3.467,,,1.099,0.724,0.34,0.539,,0.027,0.088
2019,,,3.47889995574951,,,0.997548997402191,1.08569478988647,0.494101732969284,0.509089410305023,,0.033407486975193,0.101786367595196
2024,,,6.81,,,1.791,1.592,0.814,0.856,,0.179,0.28
2023,,,6.272,,,1.43,1.269,0.548,0.685,,0.13,0.142
2022,,,6.125,,,1.454,1.25,0.387,0.558,,0.131,0.137
2021,,,6.293,,,1.462,1.044,0.615,0.546,,0.131,0.134
2020,,,6.33,,,1.028,0.944,0.571,0.514,,0.142,0.117
2019,,,6.37559986114502,,,0.952679872512817,1.36346411705017,0.766119062900543,0.483292728662491,,0.131674587726593,0.106518603861332
2024,,,6.803,,,1.749,1.647,0.832,0.813,,0.168,0.323
2023,,,5.463,,,1.629,1.469,0.567,0.62,,0.083,0.006
2022,,,5.466,,,1.635,1.457,0.408,0.557,,0.106,0.013
2021,,,5.371,,,1.625,1.163,0.64,0.563,,0.123,0.021
2020,,,5.266,,,1.181,1.055,0.583,0.494,,0.125,0.005
2019,,,5.10150003433228,,,1.04655468463898,1.46057891845703,0.777776896953583,0.417820066213608,,0.103833712637424,0.0
2024,,,6.792,,,1.692,1.718,0.802,0.961,,0.121,0.113
2023,,,4.548,,,0.756,0.685,0.274,0.483,,0.173,0.179
2022,,,4.638,,,0.768,0.814,0.107,0.419,,0.188,0.113
2021,,,4.67,,,0.779,0.565,0.32,0.382,,0.186,0.126
2020,,,4.834,,,0.364,0.472,0.179,0.381,,0.182,0.122
2019,,,4.76870012283325,,,0.30246764421463,0.929385900497437,0.312833875417709,0.322398155927658,,0.186390608549118,0.12640805542469
2020,,,3.775,,,0.0,0.062,0.155,0.298,,0.172,0.212
2019,,,3.77530002593994,,,0.0,0.403575271368027,0.295212835073471,0.275399059057236,,0.187401786446571,0.212186828255653
2024,,,6.775,,,1.692,1.716,0.658,0.916,,0.118,0.084
2023,,,4.341,,,1.011,1.019,0.442,0.863,,0.17,0.071
2022,,,4.393,,,1.025,1.024,0.283,0.768,,0.176,0.051
2021,,,4.64,,,1.019,0.732,0.505,0.74,,0.166,0.068
2020,,,4.83,,,0.603,0.68,0.426,0.702,,0.21,0.061
2019,,,4.8484001159668,,,0.544634938240051,1.07142603397369,0.587904334068298,0.674940347671509,,0.233342081308365,0.0728375017642975
2024,,,6.759,,,1.812,1.294,0.659,0.934,,0.165,0.235
2023,,,4.874,,,0.943,0.856,0.288,0.521,,0.126,0.06
2022,,,4.973,,,0.965,0.871,0.118,0.405,,0.144,0.059
2021,,,5.048,,,0.968,0.672,0.317,0.397,,0.152,0.074
2020,,,5.142,,,0.543,0.556,0.159,0.425,,0.205,0.058
2019,,,5.08489990234375,,,0.50395804643631,0.899726450443268,0.270189553499222,0.439242482185364,,0.198020100593567,0.0543934218585491
2024,,,6.753,,,1.785,1.625,0.776,0.858,,0.148,0.351
2023,,,6.9,,,1.84,1.459,0.701,0.73,,0.23,0.368
2022,,,6.961,,,1.881,1.484,0.541,0.656,,0.218,0.364
2021,,,7.025,,,1.886,1.188,0.783,0.659,,0.217,0.368
2020,,,7.103,,,1.447,1.044,0.798,0.648,,0.246,0.335
2019,,,7.23210000991821,,,1.30164766311646,1.43539190292358,1.02250194549561,0.644028127193451,,0.281528919935226,0.351701855659485
2019,,,3.47589993476868,,,0.0410720817744732,0.0,0.0,0.292814463376999,,0.253513216972351,0.0282647181302309
2024,,,6.728,,,1.725,1.562,0.779,0.872,,0.211,0.318
2023,,,4.471,,,0.603,0.805,0.199,0.411,,0.218,0.113
2022,,,4.397,,,0.622,0.962,0.043,0.393,,0.255,0.088
2021,,,4.251,,,0.662,0.506,0.225,0.18,,0.182,0.077
2020,,,4.355,,,0.255,0.353,0.0,0.24,,0.215,0.084
2019,,,4.42269992828369,,,0.302287489175797,0.739118278026581,0.108744099736214,0.228601768612862,,0.210805088281631,0.0857554078102112
2024,,,6.724,,,1.839,1.614,0.604,0.644,,0.171,0.161
2023,,,6.36,,,1.616,1.369,0.673,0.651,,0.117,0.075
2022,,,6.334,,,1.645,1.384,0.511,0.546,,0.131,0.076
2021,,,6.172,,,1.651,1.08,0.748,0.46,,0.124,0.069
2020,,,6.172,,,1.2,0.946,0.678,0.438,,0.159,0.07
2019,,,6.22849988937378,,,1.09699249267578,1.32328689098358,0.889260828495026,0.417482227087021,,0.155579000711441,0.0628493502736092
2024,,,6.711,,,1.256,1.54,0.525,1.018,,0.072,0.082
2023,,,5.973,,,1.497,1.239,0.629,0.704,,0.132,0.164
2022,,,5.818,,,1.51,1.249,0.468,0.666,,0.115,0.145
2021,,,5.585,,,1.508,0.958,0.705,0.656,,0.099,0.142
2020,,,5.339,,,1.061,0.785,0.665,0.636,,0.093,0.117
2019,,,5.12389993667603,,,0.990533411502838,1.13208067417145,0.86724853515625,0.601605117321014,,0.079021044075489,0.117255553603172
2024,,,6.673,,,1.666,1.595,0.63,0.79,,0.021,0.169
2023,,,5.695,,,1.437,1.241,0.648,0.644,,0.072,0.059
2022,,,5.63,,,1.455,1.213,0.486,0.562,,0.08,0.068
2021,,,5.781,,,1.452,0.929,0.72,0.545,,0.087,0.077
2020,,,6.012,,,1.021,0.866,0.615,0.554,,0.1,0.063
2019,,,6.16340017318726,,,0.932203710079193,1.3344509601593,0.81002014875412,0.52689003944397,,0.0923740938305855,0.0458483695983887
2024,,,6.669,,,1.73,1.583,0.817,0.76,,0.057,0.187
2023,,,3.566,,,0.896,0.328,0.37,0.172,,0.128,0.16
2022,,,3.545,,,0.914,0.327,0.215,0.117,,0.129,0.145
2021,,,4.609,,,0.899,0.476,0.424,0.185,,0.195,0.125
2020,,,4.289,,,0.488,0.367,0.279,0.202,,0.241,0.101
2019,,,4.28859996795654,,,0.415620774030685,0.723232805728912,0.437383323907852,0.181028231978416,,0.258538275957108,0.100048534572124
2024,,,6.661,,,1.554,1.654,0.523,0.913,,0.078,0.197
2023,,,5.221,,,0.892,0.622,0.306,0.523,,0.124,0.138
2022,,,5.267,,,0.921,0.665,0.145,0.464,,0.134,0.136
2021,,,5.075,,,0.95,0.405,0.355,0.431,,0.13,0.146
2020,,,5.342,,,0.518,0.392,0.307,0.381,,0.144,0.124
2019,,,5.1943998336792,,,0.633616745471954,0.75763601064682,0.458101123571396,0.386514395475388,,0.117216013371944,0.118670783936977
2024,,,6.659,,,1.281,1.454,0.896,0.893,,0.201,0.087
2023,,,6.955,,,1.561,1.373,0.661,0.797,,0.109,0.123
2022,,,6.609,,,1.587,1.34,0.503,0.683,,0.099,0.116
2021,,,6.582,,,1.584,1.054,0.744,0.661,,0.089,0.102
2020,,,7.069,,,1.134,0.966,0.722,0.673,,0.105,0.083
2019,,,7.12139987945557,,,0.981107711791992,1.37485361099243,0.939635336399078,0.645017743110657,,0.131266310811043,0.0963620916008949
2024,,,6.629,,,1.691,1.481,0.766,0.934,,0.143,0.167
2023,,,5.08,,,1.08,0.578,0.288,0.547,,0.12,0.164
2022,,,5.053,,,1.094,0.584,0.12,0.467,,0.138,0.131
2021,,,5.235,,,1.094,0.442,0.322,0.451,,0.149,0.124
2020,,,5.306,,,0.669,0.409,0.052,0.438,,0.177,0.092
2019,,,5.23330020904541,,,0.537094414234161,0.799727261066437,0.154942512512207,0.397122532129288,,0.169915586709976,0.0934957936406136
2024,,,6.606,,,1.489,1.62,0.545,0.767,,0.131,0.107
2023,,,5.942,,,1.71,1.445,0.637,0.469,,0.064,0.043
2022,,,6.125,,,1.727,1.455,0.475,0.5,,0.087,0.003
2021,,,6.125,,,1.705,1.183,0.709,0.535,,0.109,0.0
2020,,,5.882,,,1.251,1.039,0.703,0.453,,0.111,0.0
2019,,,5.50470018386841,,,1.10902428627014,1.31126487255096,0.900575578212738,0.381456881761551,,0.113998979330063,0.0123250056058168
2024,,,6.6,,,1.743,1.566,0.714,0.915,,0.105,0.187
2023,,,6.068,,,1.794,1.217,0.744,0.529,,0.124,0.049
2022,,,6.13,,,1.824,1.224,0.58,0.455,,0.104,0.05
2021,,,6.221,,,1.815,0.909,0.819,0.448,,0.123,0.062
2020,,,6.223,,,1.377,0.765,0.801,0.464,,0.178,0.061
2019,,,6.15899991989136,,,1.21279942989349,1.14917075634003,1.02612459659576,0.459385871887207,,0.227932333946228,0.0512071438133717
2024,,,6.593,,,1.733,1.535,0.832,0.743,,0.099,0.264
2023,,,6.822,,,1.783,1.511,0.638,0.787,,0.177,0.068
2022,,,6.845,,,1.823,1.544,0.477,0.693,,0.158,0.05
2021,,,6.92,,,1.815,1.26,0.715,0.66,,0.158,0.048
2020,,,6.965,,,1.37,1.09,0.703,0.58,,0.052,0.046
2019,,,6.9109001159668,,,1.21232235431671,1.40528666973114,0.89456444978714,0.505744576454163,,0.0463259294629097,0.0498032234609127
2024,,,6.565,,,2.022,1.565,0.935,0.856,,0.164,0.522
2023,,,7.583,,,1.908,1.52,0.699,0.823,,0.204,0.548
2022,,,7.586,,,1.949,1.548,0.537,0.734,,0.208,0.525
2021,,,7.636,,,1.953,1.243,0.777,0.719,,0.188,0.532
2020,,,7.62,,,1.502,1.108,0.763,0.686,,0.208,0.485
2019,,,7.64559984207153,,,1.32694852352142,1.50344920158386,0.979332566261292,0.665039896965027,,0.242793396115303,0.495260328054428
2024,,,6.563,,,1.636,1.401,0.561,0.847,,0.028,0.015
2023,,,5.823,,,1.517,1.272,0.511,0.73,,0.086,0.196
2022,,,5.569,,,1.536,1.227,0.351,0.623,,0.083,0.195
2021,,,5.737,,,1.538,1.003,0.577,0.606,,0.084,0.179
2020,,,5.545,,,1.106,0.879,0.555,0.581,,0.101,0.144
2019,,,5.68919992446899,,,0.983191847801208,1.32888889312744,0.741901695728302,0.562873899936676,,0.112196780741215,0.115945681929588
2024,,,6.494,,,1.391,1.519,0.48,0.83,,0.089,0.127
2023,,,3.295,,,0.534,0.665,0.262,0.473,,0.189,0.072
2022,,,3.207,,,0.531,0.784,0.105,0.375,,0.183,0.068
2019,,,4.31099987030029,,,0.062487468123436,0.833055019378662,0.277212053537369,0.364622980356216,,0.25432488322258,0.0814666450023651
2024,,,6.492,,,1.222,1.228,0.559,0.955,,0.054,0.264
2023,,,5.725,,,1.315,1.151,0.64,0.606,,0.087,0.078
2022,,,5.559,,,1.343,1.173,0.476,0.56,,0.079,0.069
2021,,,5.533,,,1.352,0.879,0.708,0.565,,0.08,0.083
2020,,,5.764,,,0.935,0.806,0.64,0.56,,0.107,0.062
2019,,,5.92519998550415,,,0.853383600711823,1.22102761268616,0.838837742805481,0.555234551429749,,0.115006476640701,0.0867533832788467
2024,,,6.466,,,1.69,1.685,0.894,0.734,,0.112,0.18
2023,,,3.977,,,1.37,0.996,0.488,0.49,,0.025,0.259
2022,,,4.17,,,1.377,0.972,0.326,0.467,,0.038,0.25
2021,,,4.288,,,1.388,0.732,0.548,0.469,,0.041,0.254
2020,,,4.283,,,0.954,0.647,0.426,0.446,,0.069,0.092
2019,,,4.15140008926392,,,0.875228941440582,0.982539534568787,0.596911311149597,0.373684734106064,,0.0688012540340424,0.095461793243885
2024,,,6.417,,,1.65,1.716,0.642,0.902,,0.128,0.378
2023,,,6.469,,,1.265,1.08,0.549,0.816,,0.083,0.253
2022,,,6.122,,,1.278,1.044,0.383,0.713,,0.079,0.222
2021,,,6.12,,,1.265,0.768,0.607,0.666,,0.089,0.212
2020,,,6.061,,,0.845,0.675,0.565,0.615,,0.116,0.16
2019,,,6.34829998016357,,,0.748940408229828,1.14939761161804,0.752730011940002,0.524043917655945,,0.11893630027771,0.11703035235405
2024,,,6.415,,,1.724,1.526,0.852,0.641,,0.082,0.071
2023,,,6.448,,,1.752,1.527,0.657,0.805,,0.166,0.401
2022,,,6.455,,,1.798,1.526,0.494,0.728,,0.153,0.372
2021,,,6.341,,,1.793,1.232,0.728,0.689,,0.123,0.333
2020,,,6.189,,,1.344,1.079,0.64,0.641,,0.119,0.263
2019,,,6.02180004119873,,,1.19244122505188,1.45323252677917,0.842615008354187,0.576664805412292,,0.125136747956276,0.201766818761826
2024,,,6.407,,,1.594,1.6,0.717,0.876,,0.041,0.042
2023,,,3.502,,,1.255,0.925,0.176,0.284,,0.059,0.116
2021,,,4.396,,,1.274,0.786,0.197,0.259,,0.038,0.154
2024,,,6.397,,,1.504,1.622,0.579,0.824,,0.048,0.083
2023,,,3.861,,,0.792,0.915,0.42,0.441,,0.27,0.101
2022,,,4.091,,,0.793,1.114,0.25,0.451,,0.283,0.101
2021,,,4.241,,,0.788,0.809,0.457,0.472,,0.205,0.136
2020,,,4.275,,,0.37,0.679,0.331,0.451,,0.241,0.114
2019,,,4.18620014190674,,,0.315125644207001,1.00110328197479,0.483846247196198,0.412566870450974,,0.227698102593422,0.117437034845352
2024,,,6.378,,,1.586,1.688,0.504,0.878,,0.111,0.118
2023,,,7.741,,,1.844,1.572,0.695,0.859,,0.142,0.546
2022,,,7.804,,,1.888,1.585,0.535,0.772,,0.126,0.535
2021,,,7.821,,,1.892,1.258,0.775,0.736,,0.109,0.534
2020,,,7.842,,,1.446,1.106,0.741,0.691,,0.124,0.481
2019,,,7.80870008468628,,,1.28518950939178,1.49952590465546,0.961271405220032,0.662316739559174,,0.159670442342758,0.477857261896133
2024,,,6.362,,,1.249,1.33,0.376,0.882,,0.075,0.085
2023,,,6.609,,,1.818,1.348,0.727,0.65,,0.112,0.281
2022,,,6.661,,,1.856,1.433,0.566,0.582,,0.083,0.27
2021,,,6.687,,,1.863,1.219,0.808,0.567,,0.07,0.266
2020,,,6.69,,,1.421,1.081,0.804,0.536,,0.092,0.235
2019,,,6.66379976272583,,,1.26812934875488,1.45883917808533,1.02971422672272,0.514050900936127,,0.112607702612877,0.227303236722946
2024,,,6.361,,,1.537,1.577,0.711,0.779,,0.093,0.085
2023,,,5.106,,,1.403,1.038,0.344,0.516,,0.045,0.1
2022,,,5.035,,,1.438,1.021,0.183,0.346,,0.036,0.102
2021,,,4.958,,,1.459,0.738,0.396,0.343,,0.032,0.099
2020,,,4.852,,,1.037,0.707,0.362,0.424,,0.058,0.064
2019,,,4.82929992675781,,,0.988044381141663,1.10639750957489,0.522574841976166,0.369459897279739,,0.0520136021077633,0.0558045394718647
2024,,,6.352,,,1.278,1.533,0.631,1.012,,0.039,0.174
2023,,,4.485,,,0.75,0.684,0.33,0.459,,0.324,0.048
2022,,,4.279,,,0.761,0.614,0.174,0.286,,0.332,0.033
2021,,,5.164,,,0.785,0.621,0.369,0.367,,0.388,0.103
2020,,,5.051,,,0.367,0.511,0.21,0.384,,0.465,0.123
2019,,,4.75059986114502,,,0.256990551948547,0.882678687572479,0.353247880935669,0.403419524431229,,0.42598968744278,0.158093795180321
2024,,,6.33,,,1.084,1.47,0.646,0.912,,0.103,0.271
2023,,,5.185,,,1.467,0.99,0.524,0.68,,0.0,0.174
2022,,,5.109,,,1.477,0.947,0.366,0.539,,0.0,0.201
2021,,,4.973,,,1.467,0.612,0.595,0.508,,0.0,0.208
2020,,,4.891,,,1.03,0.47,0.498,0.488,,0.032,0.181
2019,,,4.67259979248047,,,0.847198069095612,0.731193900108337,0.694657623767853,0.48549410700798,,0.0476097352802753,0.174088075757027
2024,,,6.316,,,1.76,1.671,0.837,0.837,,0.217,0.115
2023,,,6.719,,,1.871,1.39,0.702,0.7,,0.174,0.368
2022,,,6.892,,,1.919,1.401,0.539,0.618,,0.153,0.365
2021,,,7.034,,,1.924,1.088,0.776,0.585,,0.163,0.358
2020,,,7.155,,,1.48,0.993,0.757,0.6,,0.195,0.306
2019,,,7.0757999420166,,,1.31418454647064,1.36854374408722,0.97211480140686,0.56427413225174,,0.252037703990936,0.309362292289734
2024,,,6.222,,,1.426,1.551,0.633,0.927,,0.223,0.039
2023,,,4.289,,,1.077,0.747,0.36,0.623,,0.183,0.028
2022,,,4.605,,,1.101,0.756,0.197,0.526,,0.211,0.035
2021,,,4.872,,,1.112,0.595,0.409,0.5,,0.23,0.056
2020,,,5.088,,,0.68,0.595,0.287,0.517,,0.268,0.058
2019,,,5.14799976348877,,,0.575862467288971,0.966367959976196,0.432162255048752,0.477290064096451,,0.261291205883026,0.0565703809261322
2024,,,6.221,,,1.629,1.762,0.547,0.704,,0.058,0.07
2023,,,5.934,,,1.684,1.276,0.696,0.337,,0.018,0.093
2022,,,5.931,,,1.708,1.247,0.535,0.248,,0.008,0.097
2021,,,5.948,,,1.703,0.98,0.774,0.249,,0.015,0.108
2020,,,5.723,,,1.273,0.811,0.76,0.243,,0.0,0.074
2019,,,5.5149998664856,,,1.12807011604309,1.16897356510162,0.979431748390198,0.173516348004341,,0.0,0.0488443523645401
2024,,,6.207,,,1.619,1.711,0.503,0.789,,0.108,0.082
2023,,,6.287,,,1.26,1.169,0.467,0.735,,0.105,0.078
2022,,,6.15,,,1.287,1.188,0.31,0.631,,0.106,0.066
2021,,,6.262,,,1.274,0.831,0.522,0.662,,0.112,0.115
2020,,,6.435,,,0.845,0.79,0.519,0.638,,0.163,0.105
2019,,,6.39890003204346,,,0.753815710544586,1.17426705360413,0.7059525847435,0.613146722316742,,0.170611664652824,0.0983603000640869
2023,,,5.023,,,0.831,0.622,0.236,0.521,,0.21,0.107
2022,,,5.072,,,0.844,0.776,0.072,0.369,,0.204,0.102
2021,,,4.891,,,0.848,0.566,0.275,0.334,,0.214,0.116
2020,,,4.984,,,0.42,0.399,0.206,0.384,,0.25,0.111
2019,,,4.94929981231689,,,0.390007734298706,0.751365959644318,0.33365523815155,0.371878057718277,,0.249490842223167,0.112204559147358
2020,,,3.615,,,0.294,0.173,0.227,0.257,,0.463,0.139
2019,,,3.72079992294312,,,0.284734427928925,0.64667135477066,0.374366730451584,0.169297516345978,,0.463909655809402,0.161935672163963
2024,,,6.193,,,1.179,1.615,0.654,0.977,,0.195,0.208
2023,,,5.968,,,1.091,1.035,0.502,0.72,,0.175,0.081
2022,,,6.023,,,1.115,1.072,0.341,0.613,,0.189,0.062
2021,,,6.022,,,1.111,0.885,0.555,0.582,,0.202,0.076
2020,,,5.919,,,0.703,0.787,0.593,0.578,,0.241,0.083
2019,,,5.95319986343384,,,0.598763585090637,1.18666410446167,0.791989982128143,0.568148076534271,,0.256528198719025,0.0868071019649506
2024,,,6.172,,,1.329,1.615,0.291,0.921,,0.097,0.063
2023,,,5.316,,,1.909,1.184,0.857,0.485,,0.147,0.402
2022,,,5.308,,,1.951,1.201,0.702,0.407,,0.123,0.39
2021,,,5.425,,,1.957,0.954,0.942,0.4,,0.147,0.383
2020,,,5.477,,,1.525,0.841,0.893,0.408,,0.232,0.342
2019,,,5.51039981842041,,,1.37674605846405,1.24358427524567,1.13663065433502,0.459356516599655,,0.28828090429306,0.332485437393188
2024,,,6.147,,,1.678,1.55,0.921,0.746,,0.014,0.2
2023,,,6.017,,,1.722,1.528,0.596,0.581,,0.123,0.067
2022,,,6.041,,,1.754,1.519,0.435,0.501,,0.105,0.065
2021,,,6.086,,,1.748,1.233,0.668,0.485,,0.078,0.064
2020,,,5.992,,,1.301,1.083,0.615,0.454,,0.067,0.04
2019,,,6.00040006637573,,,1.16430711746216,1.42300939559937,0.806793868541718,0.386401802301407,,0.0704912394285202,0.0275481734424829
2024,,,6.136,,,1.405,1.545,0.616,0.749,,0.178,0.009
2023,,,7.525,,,1.881,1.617,0.718,0.819,,0.258,0.182
2022,,,7.53,,,1.926,1.62,0.559,0.738,,0.25,0.187
2021,,,7.557,,,1.936,1.32,0.803,0.718,,0.27,0.191
2020,,,7.554,,,1.482,1.172,0.772,0.698,,0.293,0.17
2019,,,7.50449991226196,,,1.3265016078949,1.547567486763,1.00084340572357,0.661980748176575,,0.362330228090286,0.144540771842003
2024,,,6.107,,,1.177,1.385,0.315,0.966,,0.075,0.11
2023,,,4.054,,,1.166,0.653,0.417,0.767,,0.174,0.122
2022,,,4.036,,,1.159,0.674,0.252,0.685,,0.175,0.111
2021,,,3.777,,,1.167,0.376,0.471,0.647,,0.198,0.123
2020,,,3.819,,,0.741,0.316,0.383,0.622,,0.246,0.106
2019,,,3.57329988479614,,,0.730576157569885,0.644198656082153,0.540570139884949,0.581142246723175,,0.237072482705116,0.105587981641293
2024,,,6.038,,,1.709,1.357,0.903,0.678,,0.1,0.139
2023,,,5.568,,,1.361,1.184,0.472,0.779,,0.399,0.055
2022,,,5.277,,,1.384,1.169,0.314,0.663,,0.422,0.038
2021,,,5.24,,,1.382,0.883,0.539,0.62,,0.468,0.047
2020,,,5.345,,,0.954,0.786,0.433,0.598,,0.541,0.046
2019,,,5.28560018539429,,,0.891720712184906,1.15480089187622,0.610437035560608,0.568161427974701,,0.542646527290344,0.0382786132395267
2024,,,6.03,,,1.752,1.391,0.609,0.907,,0.148,0.167
2023,,,4.923,,,1.435,1.136,0.571,0.366,,0.235,0.123
2022,,,4.876,,,1.465,1.102,0.411,0.281,,0.229,0.13
2021,,,4.888,,,1.41,0.741,0.642,0.281,,0.241,0.146
2020,,,4.721,,,1.03,0.557,0.561,0.275,,0.33,0.144
2019,,,4.67239999771118,,,1.02932250499725,0.886271178722382,0.749053835868835,0.301195472478867,,0.276978939771652,0.14265151321888
2024,,,6.013,,,1.646,1.56,0.822,0.879,,0.04,0.034
2023,,,5.166,,,1.249,0.996,0.498,0.425,,0.141,0.048
2022,,,4.941,,,1.281,0.953,0.324,0.351,,0.134,0.038
2021,,,4.941,,,1.289,0.682,0.554,0.328,,0.147,0.046
2020,,,4.854,,,0.91,0.638,0.381,0.302,,0.153,0.041
2019,,,4.78480005264282,,,0.982018709182739,1.0114666223526,0.529350697994232,0.283588051795959,,0.153002068400383,0.0731649920344353
2024,,,6.004,,,1.38,1.513,0.587,0.777,,0.039,0.051
2023,,,6.838,,,2.129,1.39,0.7,0.758,,0.205,0.418
2022,,,6.911,,,2.152,1.425,0.539,0.656,,0.186,0.409
2021,,,7.041,,,2.129,1.166,0.779,0.627,,0.19,0.408
2020,,,7.085,,,1.644,1.092,0.753,0.606,,0.238,0.367
2019,,,7.09369993209839,,,1.44688677787781,1.47059643268585,0.975670695304871,0.587779939174652,,0.295426994562149,0.373433262109756
2024,,,5.965,,,1.299,1.32,0.702,0.712,,0.058,0.066
2023,,,7.341,,,1.803,1.513,0.74,0.641,,0.153,0.193
2022,,,7.473,,,1.833,1.521,0.577,0.569,,0.124,0.158
2021,,,7.364,,,1.826,1.221,0.818,0.568,,0.155,0.143
2020,,,7.157,,,1.376,1.074,0.788,0.509,,0.208,0.119
2019,,,7.12860012054443,,,1.21646368503571,1.40325677394867,1.00805294513702,0.42069947719574,,0.266861796379089,0.09989845007658
2024,,,5.964,,,1.036,1.187,0.436,0.862,,0.134,0.079
2023,,,6.324,,,1.8,1.328,0.72,0.513,,0.112,0.074
2022,,,6.405,,,1.832,1.365,0.559,0.438,,0.097,0.063
2021,,,6.467,,,1.834,1.052,0.801,0.412,,0.085,0.059
2020,,,6.483,,,1.393,0.94,0.798,0.379,,0.133,0.047
2019,,,6.38740015029907,,,1.23639607429504,1.34729599952698,1.02250492572784,0.321305572986603,,0.170266211032867,0.0401455983519554
2024,,,5.955,,,1.571,1.315,0.446,0.991,,0.181,0.11
2023,,,5.842,,,1.28,1.324,0.567,0.647,,0.089,0.028
2022,,,5.703,,,1.305,1.329,0.411,0.587,,0.079,0.039
2021,,,5.85,,,1.296,1.045,0.646,0.567,,0.08,0.053
2020,,,6.309,,,0.891,0.932,0.599,0.618,,0.099,0.035
2019,,,5.88980007171631,,,0.779058396816254,1.40828919410706,0.788434088230133,0.553124606609344,,0.116268493235111,0.030147785320878
2024,,,5.947,,,1.323,1.364,0.551,0.71,,0.05,0.021
2023,,,6.06,,,1.786,1.354,0.785,0.632,,0.023,0.219
2022,,,6.129,,,1.825,1.396,0.622,0.556,,0.009,0.207
2021,,,6.039,,,1.835,1.089,0.866,0.537,,0.007,0.218
2020,,,5.94,,,1.389,0.949,0.838,0.504,,0.02,0.192
2019,,,5.87080001831055,,,1.26672410964966,1.33233869075775,1.07288134098053,0.495465874671936,,0.0357117801904678,0.181439638137817
2024,,,5.945,,,1.63,1.549,0.47,0.702,,0.095,0.125
2023,,,4.186,,,1.262,0.983,0.594,0.593,,0.059,0.189
2022,,,4.12,,,1.292,0.98,0.438,0.517,,0.056,0.173
2021,,,4.152,,,1.324,0.724,0.675,0.476,,0.058,0.2
2020,,,4.395,,,0.89,0.685,0.583,0.455,,0.079,0.15
2019,,,4.63339996337891,,,0.785179197788239,1.14011859893799,0.777624726295471,0.424855083227158,,0.0914947688579559,0.151878625154495
2024,,,5.942,,,1.72,1.348,0.84,0.612,,0.108,0.041
2023,,,6.188,,,1.622,1.457,0.556,0.733,,0.149,0.12
2022,,,6.144,,,1.664,1.491,0.389,0.628,,0.136,0.149
2021,,,6.234,,,1.668,1.22,0.611,0.584,,0.134,0.157
2020,,,6.152,,,1.23,1.103,0.527,0.573,,0.143,0.132
2019,,,6.05789995193481,,,1.12259423732758,1.45326769351959,0.698788940906525,0.497432142496109,,0.153713792562485,0.110463686287403
2024,,,5.921,,,1.445,1.307,0.789,0.764,,0.079,0.154
2023,,,4.47,,,1.037,0.895,0.353,0.519,,0.282,0.069
2022,,,4.487,,,1.051,0.881,0.19,0.418,,0.291,0.055
2021,,,4.543,,,1.032,0.605,0.401,0.44,,0.322,0.082
2020,,,4.607,,,0.603,0.508,0.385,0.483,,0.375,0.073
2019,,,4.58300018310547,,,0.476413398981094,0.905077755451202,0.536312758922577,0.519180536270142,,0.393902093172073,0.0672010779380798
2024,,,5.915,,,1.638,1.742,0.587,0.681,,0.099,0.057
2023,,,6.561,,,1.364,1.277,0.599,0.739,,0.254,0.073
2022,,,6.368,,,1.374,1.269,0.372,0.639,,0.275,0.045
2021,,,6.455,,,1.362,0.949,0.569,0.599,,0.309,0.035
2020,,,6.372,,,0.937,0.807,0.483,0.593,,0.356,0.014
2019,,,6.32520008087158,,,0.840481340885162,1.18396282196045,0.672709167003632,0.557280421257019,,0.325286865234375,0.00855902396142483
2024,,,5.905,,,1.549,1.532,0.419,0.76,,0.111,0.001
2023,,,6.951,,,1.845,1.364,0.661,0.827,,0.2,0.172
2021,,,6.106,,,1.904,0.983,0.747,0.617,,0.087,0.147
2020,,,6.106,,,1.461,0.857,0.58,0.591,,0.12,0.13
2019,,,6.10209989547729,,,1.42483365535736,1.24477982521057,0.776468932628632,0.570261418819427,,0.13275109231472,0.1128149330616
2024,,,5.877,,,1.507,1.551,0.618,0.768,,0.075,0.138
2023,,,5.714,,,1.054,1.477,0.588,0.834,,0.225,0.03
2022,,,5.825,,,1.061,1.439,0.417,0.735,,0.234,0.018
2021,,,5.828,,,1.069,1.109,0.638,0.693,,0.208,0.025
2020,,,5.744,,,0.665,0.971,0.501,0.673,,0.266,0.02
2019,,,5.54150009155273,,,0.51318097114563,1.34103667736053,0.680645883083344,0.614617764949799,,0.301370739936829,0.030466690659523
2024,,,5.87,,,1.644,1.673,0.669,0.478,,0.022,0.065
2023,,,5.139,,,1.208,0.846,0.423,0.796,,0.17,0.167
2022,,,5.111,,,1.232,0.853,0.257,0.715,,0.185,0.162
2021,,,5.14,,,1.239,0.654,0.479,0.679,,0.197,0.184
2020,,,5.03,,,0.808,0.598,0.33,0.643,,0.268,0.179
2019,,,4.88859987258911,,,0.71469384431839,0.987391889095306,0.486378282308578,0.612027287483215,,0.272667109966278,0.194273963570595
2024,,,5.87,,,1.182,1.545,0.504,0.869,,0.075,0.019
2023,,,6.234,,,1.7,1.508,0.564,0.666,,0.127,0.078
2022,,,6.213,,,1.737,1.505,0.405,0.58,,0.107,0.071
2021,,,6.18,,,1.732,1.221,0.637,0.502,,0.075,0.09
2020,,,6.032,,,1.285,1.047,0.587,0.405,,0.082,0.089
2019,,,5.94999980926514,,,1.14139544963837,1.41439878940582,0.77790242433548,0.329198807477951,,0.0754079446196556,0.0903915241360664
2024,,,5.868,,,1.173,1.356,0.346,0.817,,0.067,0.052
2023,,,2.707,,,1.377,0.577,0.556,0.173,,0.068,0.029
2022,,,2.392,,,1.417,0.476,0.398,0.123,,0.061,0.027
2021,,,2.955,,,1.392,0.498,0.631,0.103,,0.082,0.034
2020,,,4.584,,,1.045,0.868,0.595,0.175,,0.14,0.026
2019,,,4.77150011062622,,,0.889232516288757,1.19249331951141,0.788671135902405,0.18551667034626,,0.158524140715599,0.0215181466192007
2024,,,5.858,,,1.032,1.715,0.647,0.981,,0.169,0.053
2023,,,3.186,,,0.771,0.851,0.0,0.523,,0.082,0.085
2021,,,3.512,,,0.839,0.848,0.0,0.419,,0.076,0.018
2020,,,3.512,,,0.451,0.731,0.007,0.405,,0.103,0.015
2019,,,3.6528000831604,,,0.454938739538193,1.08894002437592,0.100934810936451,0.40936753153801,,0.102627642452717,0.0504838228225708
2024,,,5.846,,,1.457,1.5,0.615,0.866,,0.063,0.186
2023,,,4.269,,,0.619,0.673,0.301,0.546,,0.178,0.075
2022,,,4.042,,,0.628,0.644,0.141,0.471,,0.219,0.071
2021,,,5.122,,,0.636,0.67,0.309,0.405,,0.178,0.08
2020,,,4.625,,,0.228,0.58,0.253,0.43,,0.221,0.057
2019,,,4.55789995193481,,,0.174103006720543,0.92073392868042,0.392284274101257,0.405943095684052,,0.226967871189117,0.0511398762464523
2024,,,5.833,,,1.336,1.731,0.423,0.629,,0.18,0.053
2023,,,5.866,,,1.526,1.1,0.55,0.592,,0.111,0.204
2021,,,5.33,,,1.476,0.943,0.606,0.477,,0.106,0.179
2020,,,5.41,,,1.044,0.821,0.435,0.474,,0.131,0.174
2019,,,5.48880004882813,,,1.02191376686096,1.19628369808197,0.615626633167267,0.451354056596756,,0.142757698893547,0.172258079051971
2024,,,5.832,,,1.499,1.521,0.617,0.761,,0.095,0.13
2023,,,6.818,,,1.766,1.454,0.598,0.533,,0.044,0.116
2022,,,6.763,,,1.808,1.511,0.432,0.487,,0.059,0.089
2021,,,6.446,,,1.804,1.204,0.659,0.496,,0.053,0.077
2020,,,6.255,,,1.35,1.065,0.612,0.476,,0.056,0.073
2019,,,6.21549987792969,,,1.19355964660645,1.43286573886871,0.795421183109283,0.420460790395737,,0.0536910407245159,0.0813502743840218
2024,,,5.82,,,1.247,1.309,0.549,0.724,,0.111,0.214
2023,,,7.122,,,2.141,1.355,0.708,0.801,,0.146,0.432
2022,,,7.228,,,2.2,1.357,0.549,0.71,,0.149,0.418
2021,,,7.404,,,2.209,1.155,0.79,0.7,,0.12,0.388
2020,,,7.324,,,1.751,1.003,0.76,0.639,,0.166,0.353
2019,,,7.23750019073486,,,1.53667604923248,1.38752841949463,0.986442685127258,0.610137045383453,,0.195953920483589,0.3670414686203
2019,,,5.15980005264282,,,0.935371994972229,1.18317353725433,0.802994132041931,0.410224586725235,,0.18586353957653,0.0245950594544411
2024,,,5.819,,,1.332,1.43,0.414,0.83,,0.054,0.037
2023,,,4.228,,,0.628,0.823,0.333,0.25,,0.172,0.123
2022,,,4.019,,,0.632,0.779,0.178,0.187,,0.177,0.134
2021,,,4.339,,,0.67,0.645,0.378,0.202,,0.143,0.154
2020,,,4.208,,,0.266,0.503,0.341,0.207,,0.185,0.087
2019,,,4.16559982299805,,,0.244553208351135,0.823694348335266,0.500617027282715,0.192967548966408,,0.1911900639534,0.0762486383318901
2024,,,5.776,,,1.608,1.438,0.725,0.396,,0.003,0.063
2023,,,3.421,,,0.617,0.41,0.349,0.571,,0.135,0.136
2022,,,3.495,,,0.637,0.479,0.189,0.49,,0.139,0.129
2021,,,3.75,,,0.648,0.279,0.388,0.477,,0.14,0.157
2020,,,3.6,,,0.113,0.168,0.298,0.484,,0.213,0.134
2019,,,3.53800010681152,,,0.176534727215767,0.530368089675903,0.446163296699524,0.487389832735062,,0.213185057044029,0.131633952260017
2024,,,5.683,,,0.0,1.493,0.515,0.702,,0.154,0.117
2023,,,5.975,,,1.646,1.143,0.54,0.829,,0.226,0.119
2022,,,6.012,,,1.665,1.155,0.385,0.659,,0.222,0.122
2021,,,5.711,,,1.689,0.938,0.62,0.654,,0.213,0.126
2020,,,5.384,,,1.259,0.797,0.587,0.624,,0.27,0.064
2019,,,5.38430023193359,,,1.168421626091,1.17400228977203,0.788511872291565,0.596941530704498,,0.274886161088943,0.062163133174181
2020,,,5.198,,,1.115,1.015,0.697,0.575,,0.204,0.073
2019,,,5.1975998878479,,,0.937864303588867,1.40228760242462,0.914439558982849,0.548203647136688,,0.224198251962662,0.0719064921140671
2024,,,5.617,,,1.288,1.372,0.454,0.918,,0.323,0.044
2023,,,4.232,,,0.747,0.688,0.267,0.586,,0.12,0.09
2022,,,4.198,,,0.763,0.637,0.106,0.441,,0.121,0.059
2021,,,4.479,,,0.792,0.483,0.311,0.35,,0.128,0.042
2020,,,4.723,,,0.387,0.59,0.11,0.384,,0.164,0.072
2019,,,4.72930002212524,,,0.352462649345398,0.973141729831696,0.234981521964073,0.377534449100494,,0.169667050242424,0.0621462762355804
2024,,,5.571,,,1.315,1.363,0.782,0.522,,0.057,0.219
2023,,,6.346,,,1.827,1.444,0.707,0.727,,0.25,0.125
2022,,,6.3,,,1.841,1.468,0.547,0.671,,0.2,0.143
2021,,,6.447,,,1.838,1.169,0.789,0.679,,0.174,0.166
2020,,,6.602,,,1.411,1.055,0.747,0.664,,0.275,0.183
2019,,,6.77279996871948,,,1.2525132894516,1.44295692443848,0.97204202413559,0.633239030838013,,0.341180831193924,0.178864076733589
2024,,,5.554,,,1.573,1.725,0.463,0.708,,0.055,0.0
2023,,,4.505,,,1.078,0.705,0.4,0.343,,0.133,0.198
2022,,,4.724,,,1.099,0.764,0.244,0.32,,0.13,0.195
2021,,,4.153,,,1.1,0.865,0.45,0.304,,0.088,0.138
2020,,,4.227,,,0.666,0.749,0.273,0.218,,0.119,0.133
2019,,,4.37459993362427,,,0.539684891700745,1.11332356929779,0.425184816122055,0.185714483261108,,0.128899663686752,0.122257634997368
2024,,,5.503,,,1.458,1.537,0.544,0.637,,0.13,0.007
2023,,,5.816,,,1.57,1.358,0.49,0.641,,0.123,0.118
2022,,,5.902,,,1.589,1.382,0.336,0.574,,0.121,0.11
2021,,,6.071,,,1.591,1.116,0.568,0.589,,0.131,0.107
2020,,,6.049,,,1.178,0.996,0.574,0.59,,0.153,0.096
2019,,,6.10129976272583,,,1.07366394996643,1.39566683769226,0.763389408588409,0.590838134288788,,0.186894550919533,0.0840882286429405
2024,,,5.494,,,1.391,1.349,0.828,0.786,,0.032,0.158
2023,,,6.678,,,1.521,1.241,0.544,0.722,,0.086,0.127
2022,,,6.33,,,1.55,1.169,0.389,0.632,,0.086,0.115
2021,,,6.128,,,1.552,0.886,0.623,0.621,,0.092,0.115
2020,,,6.317,,,1.126,0.83,0.634,0.585,,0.092,0.089
2019,,,6.46500015258789,,,1.02438747882843,1.22633349895477,0.831601023674011,0.553892552852631,,0.083094485104084,0.0831336677074432
2024,,,5.491,,,1.79,1.41,0.948,0.674,,0.116,0.386
2023,,,5.696,,,1.353,1.511,0.4,0.501,,0.237,0.055
2022,,,5.84,,,1.379,1.494,0.244,0.425,,0.239,0.058
2021,,,5.761,,,1.393,1.197,0.467,0.398,,0.247,0.059
2020,,,5.677,,,0.966,1.065,0.442,0.397,,0.263,0.053
2019,,,5.45620012283325,,,0.90487277507782,1.45893061161041,0.615788161754608,0.355703115463257,,0.263885736465454,0.0465331263840199
2024,,,5.411,,,1.371,1.122,0.696,0.841,,0.103,0.057
2023,,,5.707,,,1.571,1.318,0.587,0.632,,0.11,0.132
2022,,,5.722,,,1.537,1.385,0.424,0.563,,0.17,0.061
2021,,,5.547,,,1.573,1.023,0.659,0.46,,0.135,0.077
2020,,,5.581,,,1.155,0.891,0.637,0.397,,0.166,0.081
2019,,,5.54610013961792,,,1.0101500749588,1.26565790176392,0.839028894901276,0.303223848342896,,0.149010330438614,0.0984351113438606
2023,,,4.795,,,1.213,0.471,0.495,0.631,,0.042,0.082
2022,,,4.903,,,1.236,0.535,0.337,0.54,,0.013,0.085
2021,,,5.06,,,1.208,0.268,0.565,0.492,,0.02,0.102
2020,,,4.918,,,0.792,0.219,0.558,0.477,,0.034,0.088
2019,,,5.09479999542236,,,0.758622109889984,0.645208477973938,0.745096921920776,0.450054138898849,,0.0400325506925583,0.0773856043815613
2024,,,5.4,,,1.444,1.275,0.482,0.844,,0.0,0.172
2023,,,5.216,,,0.56,0.883,0.156,0.728,,0.158,0.196
2022,,,4.954,,,0.57,0.885,0.0,0.625,,0.161,0.192
2021,,,5.048,,,0.578,0.66,0.191,0.593,,0.185,0.2
2020,,,4.794,,,0.183,0.634,0.196,0.608,,0.228,0.163
2019,,,4.62360000610352,,,0.178741365671158,0.955202877521515,0.324223637580872,0.560775339603424,,0.220422104001045,0.163064315915108
2024,,,5.311,,,0.944,1.21,0.463,0.764,,0.155,0.099
2023,,,4.354,,,0.978,0.988,0.436,0.45,,0.401,0.174
2022,,,4.372,,,1.032,1.125,0.269,0.46,,0.4,0.194
2021,,,4.394,,,1.038,0.829,0.491,0.513,,0.452,0.194
2020,,,4.426,,,0.666,0.713,0.341,0.601,,0.52,0.178
2019,,,4.30800008773804,,,0.678090929985046,1.09817826747894,0.495443075895309,0.597478866577148,,0.56981372833252,0.187530353665352
2024,,,5.301,,,1.122,1.01,0.493,0.916,,0.145,0.164
2023,,,4.832,,,1.266,1.212,0.307,0.47,,0.069,0.061
2022,,,4.631,,,1.289,1.126,0.145,0.383,,0.069,0.071
2021,,,4.459,,,1.292,0.877,0.354,0.384,,0.067,0.071
2020,,,4.574,,,0.882,0.801,0.262,0.411,,0.091,0.059
2019,,,4.57110023498535,,,0.840081989765167,1.24573814868927,0.406871169805527,0.444598972797394,,0.0764544829726219,0.0543203428387642
2024,,,5.262,,,1.582,1.444,0.626,0.244,,0.04,0.104
2023,,,5.158,,,0.965,0.99,0.443,0.653,,0.209,0.115
2022,,,5.36,,,0.979,1.027,0.281,0.567,,0.215,0.104
2021,,,5.377,,,0.984,0.784,0.499,0.519,,0.237,0.13
2020,,,5.269,,,0.519,0.702,0.496,0.488,,0.287,0.135
2019,,,5.13719987869263,,,0.444050371646881,1.10078930854797,0.668879389762878,0.480608254671097,,0.300971806049347,0.127502962946892
2024,,,5.213,,,1.283,1.465,0.142,0.676,,0.064,0.043
2023,,,7.319,,,1.901,1.462,0.706,0.725,,0.247,0.372
2022,,,7.403,,,1.942,1.488,0.545,0.672,,0.251,0.394
2021,,,7.415,,,1.945,1.206,0.787,0.651,,0.271,0.419
2020,,,7.464,,,1.501,1.079,0.753,0.647,,0.302,0.384
2019,,,7.44890022277832,,,1.33894634246826,1.46364593505859,0.975675344467163,0.613626480102539,,0.33631756901741,0.368569761514664
2024,,,5.19,,,0.559,1.131,0.124,0.813,,0.127,0.173
2023,,,7.029,,,1.81,1.527,0.673,0.746,,0.226,0.48
2022,,,7.123,,,1.842,1.544,0.513,0.672,,0.23,0.471
2021,,,7.2,,,1.852,1.235,0.752,0.68,,0.245,0.483
2020,,,7.277,,,1.4,1.094,0.785,0.665,,0.276,0.445
2019,,,7.29960012435913,,,1.24231791496277,1.48721837997437,1.00813829898834,0.646789908409119,,0.325726211071014,0.461268275976181
2024,,,5.12,,,1.386,1.224,0.387,0.651,,0.042,0.086
2023,,,6.284,,,1.097,1.263,0.542,0.793,,0.133,0.251
2022,,,6.259,,,1.109,1.292,0.385,0.66,,0.148,0.218
2021,,,6.165,,,1.105,1.029,0.617,0.617,,0.168,0.212
2020,,,5.972,,,0.693,0.904,0.604,0.553,,0.201,0.176
2019,,,6.13710021972656,,,0.620033144950867,1.27081274986267,0.803093254566193,0.560117304325104,,0.212871477007866,0.174084573984146
2024,,,5.102,,,1.038,0.76,0.206,0.661,,0.1,0.162
2023,,,4.556,,,0.573,0.677,0.293,0.615,,0.145,0.147
2022,,,4.501,,,0.561,0.628,0.137,0.54,,0.154,0.14
2021,,,5.003,,,0.57,0.56,0.326,0.571,,0.165,0.145
2020,,,5.074,,,0.162,0.402,0.167,0.516,,0.2,0.157
2019,,,4.90959978103638,,,0.108330331742764,0.703800141811371,0.298816353082657,0.435311615467072,,0.208176895976067,0.13755476474762
2024,,,5.093,,,1.33,1.367,0.609,0.456,,0.202,0.122
2023,,,4.881,,,1.042,1.075,0.256,0.566,,0.201,0.019
2022,,,4.981,,,1.065,1.007,0.092,0.448,,0.176,0.013
2021,,,4.552,,,1.079,0.732,0.3,0.444,,0.175,0.038
2020,,,4.759,,,0.663,0.625,0.051,0.433,,0.212,0.039
2019,,,4.72410011291504,,,0.64590185880661,0.986717939376831,0.167835935950279,0.435079455375671,,0.221328124403954,0.047589935362339
2021,,,5.467,,,1.815,0.888,0.819,0.523,,0.13,0.213
2020,,,5.536,,,1.377,0.806,0.801,0.503,,0.196,0.2
2019,,,5.53550004959106,,,1.21279942989349,1.18308913707733,1.02612459659576,0.477885723114014,,0.199160054326057,0.199802905321121
2024,,,5.03,,,1.023,0.796,0.336,0.626,,0.082,0.126
2023,,,5.369,,,1.475,1.277,0.569,0.58,,0.194,0.015
2022,,,5.254,,,1.498,1.171,0.408,0.515,,0.207,0.02
2021,,,5.199,,,1.505,0.863,0.637,0.488,,0.215,0.031
2020,,,5.101,,,1.068,0.772,0.535,0.45,,0.212,0.022
2024,,,4.976,,,1.261,1.275,0.589,0.503,,0.1,0.069
2023,,,7.302,,,1.952,1.517,0.704,0.835,,0.224,0.484
2022,,,7.315,,,1.994,1.521,0.544,0.752,,0.212,0.463
2021,,,7.365,,,1.997,1.239,0.786,0.728,,0.217,0.474
2020,,,7.392,,,1.543,1.108,0.782,0.703,,0.249,0.427
2019,,,7.48799991607666,,,1.42420732975006,1.49517250061035,1.00807189941406,0.670200884342194,,0.28798508644104,0.434100568294525
2024,,,4.929,,,0.873,0.791,0.306,0.676,,0.157,0.098
2024,,,4.911,,,1.182,1.482,0.104,0.564,,0.052,0.056
2023,,,4.657,,,1.069,0.6,0.321,0.542,,0.144,0.074
2022,,,4.555,,,1.081,0.657,0.158,0.511,,0.141,0.102
2021,,,4.516,,,1.049,0.413,0.374,0.448,,0.181,0.112
2020,,,4.934,,,0.637,0.423,0.322,0.418,,0.252,0.097
2019,,,5.69329977035522,,,0.616799473762512,0.872979581356049,0.469933241605759,0.405421733856201,,0.228705063462257,0.122592121362686
2024,,,4.887,,,0.944,0.986,0.302,0.662,,0.099,0.06
2023,,,6.358,,,1.702,1.392,0.633,0.72,,0.063,0.043
2022,,,6.265,,,1.714,1.402,0.475,0.63,,0.065,0.036
2021,,,6.309,,,1.715,1.107,0.709,0.592,,0.049,0.051
2020,,,6.18,,,1.298,0.976,0.667,0.596,,0.079,0.053
2019,,,6.30480003356934,,,1.09766781330109,1.37614929676056,0.878546535968781,0.579849779605865,,0.0972073078155518,0.0542305260896683
2024,,,4.885,,,0.989,1.245,0.38,0.639,,0.17,0.028
2023,,,5.977,,,1.398,1.408,0.549,0.788,,0.131,0.065
2022,,,5.738,,,1.428,1.427,0.392,0.678,,0.148,0.062
2021,,,5.578,,,1.409,1.13,0.624,0.629,,0.171,0.059
2020,,,5.653,,,0.983,0.97,0.549,0.602,,0.206,0.037
2019,,,5.69210004806519,,,0.897990822792053,1.36819756031036,0.735869646072388,0.586510062217712,,0.204299241304398,0.0650773793458939
2024,,,4.875,,,1.428,1.03,0.707,0.785,,0.076,0.179
2023,,,5.841,,,1.371,1.18,0.662,0.615,,0.078,0.029
2022,,,5.526,,,1.39,1.153,0.499,0.549,,0.073,0.027
2021,,,5.559,,,1.397,0.865,0.735,0.545,,0.09,0.037
2020,,,5.84,,,0.986,0.833,0.623,0.536,,0.087,0.031
2019,,,5.79680013656616,,,0.918549180030823,1.2084059715271,0.824444174766541,0.51321005821228,,0.0916118174791336,0.0270326603204012
2024,,,4.856,,,0.907,0.977,0.433,0.767,,0.129,0.09
2023,,,6.048,,,1.232,1.146,0.441,0.826,,0.099,0.136
2022,,,5.523,,,1.238,1.108,0.286,0.714,,0.104,0.141
2021,,,5.904,,,1.268,0.912,0.514,0.678,,0.107,0.142
2020,,,5.88,,,0.853,0.828,0.426,0.651,,0.125,0.126
2019,,,6.00600004196167,,,0.775120675563812,1.24538171291351,0.602189481258392,0.62191516160965,,0.129260212182999,0.130385726690292
2023,,,6.442,,,1.738,1.417,0.639,0.6,,0.081,0.175
2022,,,6.26,,,1.767,1.474,0.477,0.511,,0.12,0.139
2021,,,6.123,,,1.758,1.174,0.712,0.523,,0.124,0.14
2020,,,6.166,,,1.309,0.982,0.668,0.558,,0.08,0.13
2019,,,6.1862998008728,,,1.16922914981842,1.31039977073669,0.868038475513458,0.557903528213501,,0.0633742436766624,0.160541251301765
2024,,,4.768,,,0.982,0.759,0.417,0.529,,0.136,0.046
2023,,,6.03,,,1.728,1.368,0.699,0.757,,0.047,0.035
2022,,,5.968,,,1.758,1.356,0.537,0.693,,0.031,0.037
2021,,,6.016,,,1.76,1.078,0.777,0.655,,0.016,0.039
2020,,,5.929,,,1.323,0.939,0.76,0.621,,0.029,0.033
2019,,,5.9109001159668,,,1.16880083084106,1.33953034877777,0.979315280914307,0.589895188808441,,0.0530369468033314,0.0277334656566381
2024,,,4.725,,,0.606,0.796,0.258,0.759,,0.122,0.137
2023,,,6.058,,,1.815,1.178,0.77,0.555,,0.126,0.158
2022,,,5.951,,,1.853,1.188,0.603,0.446,,0.112,0.163
2021,,,5.935,,,1.851,0.886,0.841,0.414,,0.111,0.176
2020,,,5.845,,,1.403,0.758,0.801,0.353,,0.134,0.135
2019,,,5.87239980697632,,,1.24530065059662,1.13356053829193,1.02254259586334,0.25935634970665,,0.170303866267204,0.0945962816476822
2024,,,4.68,,,1.328,1.472,0.472,0.689,,0.245,0.023
2023,,,5.816,,,1.385,1.277,0.542,0.695,,0.077,0.044
2022,,,5.819,,,1.425,1.302,0.375,0.61,,0.093,0.02
2021,,,5.857,,,1.417,1.008,0.597,0.561,,0.102,0.028
2020,,,5.766,,,0.985,0.888,0.542,0.536,,0.137,0.013
2019,,,5.60750007629395,,,0.707916796207428,1.23731219768524,0.713299453258514,0.389571487903595,,0.174049183726311,0.0143787441775203
2024,,,4.622,,,1.139,0.635,0.585,0.748,,0.031,0.095
2023,,,6.491,,,1.699,1.236,0.583,0.717,,0.041,0.006
2022,,,6.589,,,1.726,1.28,0.423,0.631,,0.044,0.0
2021,,,6.477,,,1.719,1.006,0.655,0.605,,0.039,0.006
2020,,,6.14,,,1.275,0.832,0.595,0.564,,0.045,0.001
2019,,,6.12370014190674,,,1.12040162086487,1.19443809986115,0.792294859886169,0.53485232591629,,0.0681816190481186,0.000829568831250072
2024,,,4.552,,,1.257,1.224,0.459,0.382,,0.032,0.05
2023,,,5.785,,,1.642,1.351,0.531,0.551,,0.138,0.121
2022,,,5.661,,,1.68,1.383,0.366,0.449,,0.12,0.091
2021,,,5.459,,,1.685,1.095,0.586,0.401,,0.117,0.08
2020,,,5.477,,,1.241,0.992,0.511,0.409,,0.115,0.06
2019,,,5.5460000038147,,,1.12699961662292,1.37864410877228,0.680445909500122,0.399499595165253,,0.0990419164299965,0.0456993617117405
2021,,,3.268,,,0.785,0.133,0.462,0.621,,0.187,0.544
2020,,,3.415,,,0.364,0.202,0.407,0.627,,0.227,0.493
2019,,,3.31229996681213,,,0.343242675065994,0.52287632226944,0.572383284568787,0.604087889194489,,0.235704988241196,0.485542476177216
2024,,,4.542,,,1.023,0.919,0.516,0.454,,0.113,0.195
2023,,,6.594,,,1.842,1.361,0.511,0.787,,0.114,0.188
2022,,,6.463,,,1.861,1.37,0.351,0.682,,0.093,0.17
2021,,,6.523,,,1.87,1.092,0.577,0.651,,0.078,0.18
2020,,,6.494,,,1.435,0.964,0.571,0.603,,0.09,0.163
2019,,,6.4064998626709,,,1.33432853221893,1.30995011329651,0.759818136692047,0.548477470874786,,0.0874406844377518,0.163322314620018
2024,,,4.51,,,0.994,1.047,0.448,0.649,,0.22,0.073
2023,,,4.969,,,0.927,0.751,0.392,0.607,,0.152,0.069
2022,,,4.855,,,0.943,0.727,0.231,0.519,,0.142,0.06
2021,,,5.046,,,0.933,0.53,0.447,0.494,,0.143,0.081
2020,,,5.132,,,0.518,0.558,0.357,0.381,,0.158,0.088
2019,,,4.98080015182495,,,0.504061818122864,0.954593420028687,0.518391907215118,0.352400898933411,,0.16439713537693,0.0818659365177155
2024,,,4.461,,,0.762,1.342,0.396,0.751,,0.148,0.05
2023,,,6.411,,,1.538,1.391,0.585,0.663,,0.2,0.101
2022,,,6.144,,,1.552,1.343,0.424,0.617,,0.246,0.081
2021,,,6.178,,,1.55,1.086,0.658,0.546,,0.219,0.088
2020,,,6.078,,,1.101,0.924,0.634,0.482,,0.189,0.066
2019,,,5.77820014953613,,,0.988181829452515,1.32744896411896,0.828403294086456,0.395428419113159,,0.150282889604568,0.0594471469521523
2024,,,4.423,,,0.778,0.958,0.348,0.611,,0.255,0.045
2023,,,3.245,,,0.654,0.566,0.253,0.469,,0.181,0.053
2022,,,3.138,,,0.67,0.54,0.092,0.371,,0.193,0.051
2021,,,3.574,,,0.686,0.416,0.273,0.387,,0.202,0.055
2020,,,3.849,,,0.279,0.377,0.1,0.408,,0.243,0.047
2019,,,3.92639994621277,,,0.240560382604599,0.747984945774078,0.203953966498375,0.382027685642242,,0.257647007703781,0.0479409359395504
2024,,,4.389,,,1.149,0.86,0.316,0.914,,0.141,0.12
2023,,,6.523,,,2.118,1.361,0.769,0.743,,0.168,0.575
2022,,,6.587,,,2.168,1.354,0.607,0.66,,0.17,0.561
2021,,,6.48,,,2.149,1.127,0.851,0.672,,0.163,0.587
2020,,,6.377,,,1.695,1.019,0.897,0.664,,0.176,0.547
2019,,,6.37709999084473,,,1.51958012580872,1.39545691013336,1.13781428337097,0.635317206382751,,0.218770906329155,0.533162236213684
2024,,,4.384,,,0.592,0.902,0.242,0.477,,0.175,0.111
2023,,,6.257,,,1.706,1.54,0.638,0.566,,0.096,0.058
2022,,,6.469,,,1.731,1.544,0.472,0.494,,0.128,0.022
2021,,,6.391,,,1.736,1.232,0.707,0.479,,0.118,0.025
2020,,,6.331,,,1.304,1.066,0.653,0.468,,0.107,0.018
2019,,,6.28060007095337,,,1.19483768939972,1.4243311882019,0.853465259075165,0.423542529344559,,0.116729773581028,0.0112914405763149
2024,,,4.383,,,0.724,0.828,0.296,0.671,,0.142,0.218
2023,,,6.743,,,1.786,1.502,0.695,0.789,,0.157,0.131
2022,,,6.65,,,1.815,1.539,0.532,0.707,,0.144,0.113
2021,,,6.63,,,1.81,1.249,0.769,0.685,,0.118,0.115
2020,,,6.461,,,1.36,1.093,0.722,0.69,,0.122,0.085
2019,,,6.36339998245239,,,1.20865249633789,1.46467769145966,0.932548046112061,0.646700143814087,,0.145701497793198,0.0765163227915764
2024,,,4.357,,,0.855,0.228,0.357,0.679,,0.092,0.238
2024,,,4.347,,,0.535,0.877,0.046,0.916,,0.206,0.192
2023,,,5.422,,,1.389,1.369,0.322,0.537,,0.078,0.034
2022,,,5.275,,,1.417,1.428,0.149,0.464,,0.09,0.019
2021,,,5.194,,,1.425,1.088,0.361,0.442,,0.089,0.046
2020,,,4.956,,,0.967,0.895,0.265,0.447,,0.144,0.051
2019,,,4.81409978866577,,,0.902140438556671,1.25908625125885,0.407034069299698,0.434781819581985,,0.126406848430634,0.0595021396875381
2019,,,2.81660008430481,,,0.28908297419548,0.553278505802155,0.208809033036232,0.0656092539429665,,0.20993460714817,0.111156798899174
2024,,,4.345,,,0.709,0.908,0.318,0.767,,0.093,0.114
2023,,,6.421,,,1.766,1.471,0.729,0.619,,0.119,0.177
2022,,,6.436,,,1.798,1.491,0.567,0.533,,0.101,0.157
2021,,,6.476,,,1.808,1.211,0.808,0.505,,0.101,0.149
2020,,,6.491,,,1.375,1.057,0.826,0.462,,0.135,0.124
2019,,,6.40089988708496,,,1.23053526878357,1.4210991859436,1.05134308338165,0.425983816385269,,0.165305480360985,0.109579779207706
2024,,,4.341,,,1.049,1.215,0.481,0.988,,0.138,0.078
2023,,,3.898,,,1.361,1.179,0.586,0.583,,0.144,0.031
2022,,,4.442,,,1.422,1.224,0.426,0.539,,0.12,0.086
2021,,,4.362,,,1.415,0.934,0.66,0.529,,0.15,0.079
2020,,,4.325,,,0.99,0.82,0.593,0.559,,0.239,0.049
2019,,,4.3270001411438,,,0.897986948490143,1.19494009017944,0.792036712169647,0.528632462024689,,0.252666145563126,0.0494445636868477
2024,,,4.34,,,1.053,1.01,0.438,0.771,,0.139,0.025
2021,,,4.483,,,1.148,0.957,0.521,0.336,,0.073,0.079
2020,,,4.517,,,0.646,0.819,0.434,0.33,,0.082,0.075
2019,,,4.55280017852783,,,0.587819218635559,1.19475555419922,0.61382657289505,0.298700749874115,,0.0918162614107132,0.0719136521220207
2020,,,4.308,,,0.849,0.693,0.074,0.323,,0.067,0.147
2019,,,4.30810022354126,,,0.82753974199295,1.06483519077301,0.215585827827454,0.299935787916183,,0.0672648325562477,0.146765872836113
2024,,,4.321,,,0.975,1.144,0.446,0.569,,0.322,0.163
2023,,,7.344,,,1.878,1.501,0.724,0.838,,0.221,0.524
2022,,,7.395,,,1.921,1.51,0.562,0.754,,0.225,0.52
2021,,,7.384,,,1.92,1.204,0.803,0.724,,0.218,0.512
2020,,,7.363,,,1.478,1.062,0.763,0.685,,0.244,0.448
2019,,,7.35349988937378,,,1.32223522663116,1.43334770202637,0.986470460891724,0.650297701358795,,0.27282789349556,0.442066371440887
2024,,,4.315,,,0.757,0.736,0.378,0.576,,0.097,0.153
2023,,,7.06,,,1.97,1.425,0.747,0.759,,0.173,0.498
2022,,,7.24,,,2.022,1.463,0.582,0.678,,0.151,0.475
2021,,,7.512,,,2.026,1.226,0.822,0.677,,0.147,0.461
2020,,,7.571,,,1.566,1.079,0.816,0.653,,0.204,0.413
2019,,,7.55989980697632,,,1.39077425003052,1.47240340709686,1.04053318500519,0.628954470157623,,0.269055753946304,0.407945901155472
2024,,,4.31,,,1.158,1.202,0.573,0.7,,0.051,0.164
2023,,,6.503,,,1.842,1.346,0.65,0.649,,0.068,0.202
2022,,,6.535,,,1.89,1.372,0.492,0.562,,0.067,0.178
2021,,,6.512,,,1.897,1.095,0.733,0.542,,0.075,0.168
2020,,,6.584,,,1.48,0.982,0.665,0.49,,0.142,0.139
2019,,,6.45539999008179,,,1.32747054100037,1.3577606678009,0.878437995910645,0.449404388666153,,0.150598704814911,0.131516352295876
2024,,,4.277,,,0.582,0.888,0.324,0.653,,0.143,0.068
2022,,,5.33,,,0.972,1.248,0.291,0.599,,0.104,0.292
2021,,,5.377,,,0.966,1.005,0.518,0.572,,0.118,0.304
2020,,,5.466,,,0.508,0.895,0.498,0.548,,0.152,0.247
2019,,,5.55569982528687,,,0.47487461566925,1.21837770938873,0.680594801902771,0.521141171455383,,0.182417124509811,0.22177991271019
2024,,,4.157,,,0.588,0.938,0.341,0.292,,0.131,0.118
2023,,,3.781,,,0.82,0.706,0.38,0.709,,0.191,0.257
2022,,,3.694,,,0.836,0.787,0.214,0.607,,0.234,0.269
2021,,,3.702,,,0.848,0.597,0.425,0.578,,0.248,0.27
2020,,,3.623,,,0.433,0.54,0.3,0.549,,0.307,0.231
2019,,,3.47620010375977,,,0.457163125276566,0.872674643993378,0.442677855491638,0.509343087673187,,0.271540910005569,0.203880861401558
2024,,,3.912,,,0.848,1.013,0.233,0.872,,0.131,0.107
2023,,,5.976,,,1.484,1.347,0.62,0.756,,0.283,0.024
2022,,,5.843,,,1.515,1.344,0.461,0.624,,0.291,0.013
2021,,,5.891,,,1.535,1.096,0.697,0.617,,0.321,0.026
2020,,,5.985,,,1.107,0.957,0.596,0.611,,0.375,0.028
2019,,,5.9987998008728,,,1.00702929496765,1.34751951694489,0.793855845928192,0.609449803829193,,0.376709014177322,0.0318378619849682
2024,,,3.898,,,0.757,1.051,0.416,0.54,,0.182,0.1
2023,,,4.214,,,0.758,0.586,0.32,0.453,,0.127,0.156
2022,,,4.137,,,0.77,0.642,0.161,0.367,,0.149,0.136
2021,,,4.112,,,0.771,0.322,0.36,0.292,,0.174,0.132
2020,,,4.107,,,0.254,0.239,0.203,0.289,,0.209,0.107
2019,,,4.18720006942749,,,0.268116265535355,0.547622859477997,0.342731177806854,0.303539037704468,,0.200774252414703,0.114826455712318
2024,,,3.891,,,1.271,1.308,0.567,0.696,,0.121,0.025
2019,,,6.19189977645874,,,1.16764152050018,1.40732622146606,0.658828556537628,0.552931129932404,,0.199358254671097,0.0150783956050873
2024,,,3.851,,,1.116,0.286,0.592,0.92,,0.11,0.132
2023,,,4.422,,,1.306,0.955,0.579,0.254,,0.024,0.018
2022,,,4.497,,,1.333,0.981,0.422,0.259,,0.022,0.016
2021,,,4.516,,,1.35,0.596,0.656,0.316,,0.029,0.029
2020,,,4.596,,,0.919,0.515,0.59,0.334,,0.057,0.044
2019,,,4.39219999313354,,,0.874742686748505,0.872167706489563,0.781156718730927,0.235860556364059,,0.055881142616272,0.0438995733857155
2024,,,3.817,,,1.347,1.075,0.473,0.593,,0.018,0.103
2023,,,4.975,,,1.702,1.175,0.631,0.202,,0.068,0.115
2022,,,4.614,,,1.714,1.148,0.467,0.125,,0.095,0.096
2021,,,4.744,,,1.707,0.865,0.702,0.209,,0.087,0.115
2020,,,4.948,,,1.26,0.809,0.59,0.236,,0.097,0.104
2019,,,5.13180017471313,,,1.12716925144196,1.19715917110443,0.781335294246674,0.254400759935379,,0.0858855694532394,0.120983242988586
2021,,,5.474,,,1.484,1.319,0.516,0.649,,0.314,0.032
2020,,,5.066,,,1.046,1.172,0.439,0.602,,0.366,0.033
2019,,,5.11910009384155,,,1.0089635848999,1.51047694683075,0.612448036670685,0.515236675739288,,0.323129326105118,0.0335038900375366
2024,,,3.8,,,0.847,0.908,0.411,0.858,,0.153,0.243
2023,,,4.372,,,0.772,1.151,0.373,0.587,,0.178,0.054
2022,,,4.432,,,0.785,1.144,0.201,0.425,,0.197,0.051
2021,,,4.603,,,0.777,0.875,0.418,0.402,,0.222,0.066
2020,,,4.636,,,0.364,0.718,0.24,0.398,,0.267,0.054
2019,,,4.43200016021729,,,0.312337428331375,1.05232739448547,0.378311663866043,0.401682555675507,,0.264807373285294,0.0638188421726227
2024,,,3.774,,,1.183,1.152,0.038,0.428,,0.054,0.13
2023,,,4.873,,,1.35,1.315,0.513,0.631,,0.285,0.025
2022,,,5.071,,,1.358,1.354,0.355,0.551,,0.265,0.016
2021,,,5.084,,,1.411,1.081,0.583,0.473,,0.188,0.017
2020,,,4.875,,,0.979,0.958,0.517,0.417,,0.181,0.01
2019,,,4.56069993972778,,,0.780434608459473,1.3213164806366,0.698674380779266,0.319423705339432,,0.178551316261292,0.00965115986764431
2024,,,3.757,,,0.737,1.131,0.0,0.606,,0.065,0.072
2023,,,6.733,,,1.983,1.164,0.563,0.815,,0.209,0.258
2022,,,6.571,,,2.015,1.223,0.401,0.745,,0.188,0.247
2021,,,6.576,,,1.998,0.98,0.633,0.702,,0.204,0.25
2020,,,6.561,,,1.555,0.86,0.594,0.67,,0.236,0.223
2019,,,6.79080009460449,,,1.43108642101288,1.25117099285126,0.787814438343048,0.652936100959778,,0.280655980110168,0.220213517546654
2024,,,3.754,,,0.835,0.501,0.428,0.26,,0.117,0.164
2023,,,6.749,,,1.822,1.326,0.672,0.713,,0.267,0.351
2022,,,6.796,,,1.857,1.366,0.511,0.626,,0.272,0.34
2021,,,6.943,,,1.867,1.143,0.75,0.597,,0.289,0.329
2020,,,7.064,,,1.423,1.062,0.757,0.58,,0.34,0.306
2019,,,7.16450023651123,,,1.2730610370636,1.45784497261047,0.975700080394745,0.525168657302856,,0.373433440923691,0.322601646184921
2024,,,3.561,,,0.631,1.482,0.375,0.447,,0.066,0.106
2023,,,6.725,,,1.939,1.392,0.542,0.586,,0.223,0.169
2022,,,6.894,,,1.98,1.46,0.39,0.557,,0.21,0.172
2021,,,6.977,,,1.982,1.182,0.628,0.574,,0.22,0.177
2020,,,6.951,,,1.533,1.03,0.621,0.554,,0.252,0.154
2019,,,6.93959999084473,,,1.37398684024811,1.40478670597076,0.831618010997772,0.534608244895935,,0.298143059015274,0.152284741401672
2024,,,3.469,,,0.544,0.929,0.278,0.6,,0.151,0.061
2023,,,6.611,,,1.596,1.431,0.592,0.775,,0.106,0.22
2022,,,6.494,,,1.617,1.445,0.435,0.683,,0.102,0.254
2021,,,6.474,,,1.615,1.18,0.672,0.665,,0.103,0.265
2020,,,6.431,,,1.164,1.042,0.649,0.625,,0.128,0.223
2019,,,6.44010019302368,,,1.07100045681,1.42508113384247,0.856928884983063,0.594267070293427,,0.132143691182137,0.193425074219704
2024,,,3.438,,,1.388,1.146,0.094,0.697,,0.018,0.083
2023,,,6.195,,,1.212,1.394,0.539,0.835,,0.251,0.215
2022,,,6.014,,,1.227,1.347,0.375,0.74,,0.26,0.208
2021,,,6.063,,,1.219,1.092,0.6,0.716,,0.283,0.24
2020,,,6.179,,,0.769,1.027,0.528,0.716,,0.391,0.271
2019,,,6.25759983062744,,,0.696652948856354,1.43402004241943,0.716703712940216,0.693270325660706,,0.363311022520065,0.280260264873505
2024,,,3.396,,,0.827,0.961,0.178,0.598,,0.065,0.131
2023,,,5.607,,,0.0,1.321,0.491,0.518,,0.192,0.086
2022,,,5.211,,,0.0,1.257,0.341,0.369,,0.205,0.084
2021,,,4.925,,,0.0,0.968,0.578,0.283,,0.225,0.082
2020,,,4.892,,,0.852,0.897,0.574,0.284,,0.078,0.072
2019,,,5.05319976806641,,,0.770238637924194,1.34854686260223,0.767025530338287,0.271717220544815,,0.0871791541576385,0.0636247768998146
2024,,,3.26,,,0.588,0.489,0.28,0.677,,0.115,0.136
2023,,,6.043,,,1.331,1.267,0.539,0.843,,0.094,0.16
2022,,,5.763,,,1.349,1.212,0.381,0.741,,0.134,0.122
2021,,,5.485,,,1.252,0.932,0.611,0.707,,0.143,0.105
2020,,,5.411,,,0.817,0.873,0.616,0.679,,0.124,0.091
2019,,,5.35349988937378,,,0.718092381954193,1.25307476520538,0.819133996963501,0.650835573673248,,0.136488720774651,0.0898484587669373
2024,,,3.188,,,1.223,0.984,0.44,0.279,,0.071,0.041
2023,,,3.561,,,0.671,1.281,0.293,0.362,,0.08,0.113
2021,,,4.197,,,0.691,1.043,0.384,0.33,,0.09,0.098
2020,,,3.658,,,0.329,0.831,0.272,0.268,,0.092,0.089
2019,,,3.52740001678467,,,0.392701774835587,1.17747712135315,0.415000170469284,0.243721485137939,,0.0946890115737915,0.0873521268367767
2024,,,2.998,,,0.786,0.692,0.327,0.613,,0.138,0.052
2023,,,3.502,,,0.899,0.809,0.264,0.727,,0.168,0.109
2022,,,3.982,,,0.914,0.89,0.095,0.545,,0.189,0.08
2021,,,3.76,,,0.93,0.577,0.306,0.525,,0.203,0.083
2020,,,4.073,,,0.528,0.552,0.231,0.487,,0.227,0.074
2019,,,3.75939989089966,,,0.536833763122559,0.89603728055954,0.363593339920044,0.491317540407181,,0.250620901584625,0.0867052376270294
2024,,,1.364,,,0.649,0.0,0.155,0.0,,0.075,0.135
2023,,,3.341,,,0.748,0.85,0.232,0.487,,0.096,0.131
2022,,,3.204,,,0.758,0.881,0.069,0.363,,0.112,0.117
2021,,,2.995,,,0.947,0.69,0.27,0.329,,0.106,0.105
2020,,,3.145,,,0.457,0.649,0.243,0.359,,0.157,0.075
2019,,,3.2992000579834,,,0.425564020872116,1.04783523082733,0.375037610530853,0.377404719591141,,0.151349186897278,0.0809285789728165
